//===== Ragnarok Offline: prontera-vendors =================================
//= The hunted supply's data, for npc/prontera-vendors-supply.txt.
//= GENERATED by registry/tools/prontera-vendors/build_vendors.py
//= (write_supply_script); a re-run overwrites it.
//===========================================================================
-	script	ProntVendorsSupplyData	-1,{
	end;
OnInit:
	$@pvs_ready = 0;
	$@pvs_party_kills = 300;
	// rAthena's drop-rate settings, in the order each yield's class counts them.
	deletearray $@pvs_rateflag$;
	setarray $@pvs_rateflag$[0], "item_rate_common", "item_rate_common_boss", "item_rate_common_mvp", "item_rate_heal", "item_rate_heal_boss", "item_rate_heal_mvp", "item_rate_use", "item_rate_use_boss", "item_rate_use_mvp", "item_rate_equip", "item_rate_equip_boss", "item_rate_equip_mvp", "item_rate_card", "item_rate_card_boss", "item_rate_card_mvp", "item_rate_treasure", "item_rate_mvp";
	// The items the supply limits: id, half-life class (% of the setting),
	// cap, and the long-run yield per party-hour (millionths, by rate class).
	deletearray $@pvs_gid; deletearray $@pvs_ghl; deletearray $@pvs_gcap; deletearray $@pvs_gk;
	deletearray $@pvs_aitem; deletearray $@pvs_acls; deletearray $@pvs_arate;
	setarray $@pvs_gid[0], 507, 508, 509, 510, 511, 514, 517, 518, 520, 521, 525, 526, 529, 530, 531, 537;
	setarray $@pvs_gid[16], 538, 539, 548, 549, 550, 568, 576, 578, 582, 602, 603, 604, 607, 608, 609, 616;
	setarray $@pvs_gid[32], 617, 618, 619, 620, 621, 623, 624, 626, 627, 629, 630, 631, 632, 633, 637, 638;
	setarray $@pvs_gid[48], 639, 640, 641, 642, 661, 662, 689, 690, 695, 697, 701, 702, 704, 705, 706, 707;
	setarray $@pvs_gid[64], 710, 711, 714, 718, 719, 720, 722, 724, 725, 727, 731, 732, 733, 739, 743, 749;
	setarray $@pvs_gid[80], 751, 756, 757, 901, 904, 905, 906, 908, 913, 914, 915, 917, 918, 921, 922, 926;
	setarray $@pvs_gid[96], 928, 929, 930, 931, 932, 937, 938, 943, 945, 946, 948, 950, 951, 953, 954, 956;
	setarray $@pvs_gid[112], 966, 969, 972, 979, 983, 984, 985, 990, 993, 1002, 1005, 1006, 1007, 1018, 1023, 1028;
	setarray $@pvs_gid[128], 1032, 1036, 1039, 1044, 1048, 1054, 1055, 1060, 1063, 1094, 1095, 1096, 1097, 1098, 1105, 1108;
	setarray $@pvs_gid[144], 1111, 1114, 1120, 1125, 1127, 1135, 1136, 1141, 1147, 1148, 1162, 1167, 1170, 1176, 1182, 1188;
	setarray $@pvs_gid[160], 1189, 1202, 1205, 1214, 1220, 1226, 1229, 1230, 1232, 1234, 1242, 1246, 1255, 1257, 1258, 1259;
	setarray $@pvs_gid[176], 1260, 1264, 1268, 1269, 1270, 1271, 1284, 1285, 1302, 1304, 1311, 1355, 1358, 1361, 1370, 1375;
	setarray $@pvs_gid[192], 1376, 1377, 1384, 1387, 1402, 1408, 1411, 1413, 1420, 1421, 1452, 1455, 1464, 1466, 1468, 1471;
	setarray $@pvs_gid[208], 1472, 1473, 1474, 1477, 1478, 1483, 1484, 1485, 1508, 1520, 1524, 1525, 1541, 1544, 1548, 1553;
	setarray $@pvs_gid[224], 1554, 1555, 1556, 1557, 1558, 1573, 1608, 1613, 1614, 1616, 1629, 1630, 1637, 1646, 1647, 1648;
	setarray $@pvs_gid[240], 1702, 1708, 1711, 1715, 1716, 1722, 1730, 1731, 1732, 1733, 1734, 1736, 1737, 1740, 1741, 1745;
	setarray $@pvs_gid[256], 1802, 1806, 1815, 1818, 1819, 1820, 1821, 1822, 1825, 1902, 1910, 1914, 1915, 1918, 1919, 1920;
	setarray $@pvs_gid[272], 1925, 1926, 1951, 1964, 1965, 1966, 1967, 1968, 1970, 1971, 1973, 1979, 1980, 2001, 2004, 2005;
	setarray $@pvs_gid[288], 2104, 2109, 2111, 2115, 2122, 2125, 2129, 2130, 2131, 2133, 2134, 2135, 2138, 2207, 2209, 2221;
	setarray $@pvs_gid[304], 2227, 2233, 2251, 2252, 2253, 2254, 2255, 2257, 2277, 2279, 2282, 2285, 2287, 2288, 2289, 2294;
	setarray $@pvs_gid[320], 2302, 2304, 2308, 2310, 2318, 2320, 2322, 2324, 2327, 2329, 2333, 2334, 2336, 2337, 2339, 2344;
	setarray $@pvs_gid[336], 2345, 2354, 2355, 2366, 2374, 2375, 2386, 2387, 2388, 2389, 2390, 2391, 2402, 2407, 2408, 2409;
	setarray $@pvs_gid[352], 2418, 2419, 2420, 2421, 2422, 2426, 2433, 2440, 2502, 2513, 2516, 2517, 2518, 2520, 2521, 2522;
	setarray $@pvs_gid[368], 2524, 2527, 2529, 2530, 2532, 2536, 2537, 2544, 2545, 2601, 2602, 2604, 2605, 2607, 2610, 2611;
	setarray $@pvs_gid[384], 2614, 2615, 2617, 2619, 2620, 2650, 2651, 2652, 2654, 2656, 2677, 2678, 2679, 2700, 2716, 2717;
	setarray $@pvs_gid[400], 2718, 2719, 2726, 2727, 2743, 2744, 2746, 2747, 2749, 4001, 4002, 4003, 4007, 4010, 4013, 4014;
	setarray $@pvs_gid[416], 4015, 4016, 4019, 4022, 4025, 4028, 4030, 4031, 4032, 4033, 4034, 4035, 4036, 4037, 4038, 4039;
	setarray $@pvs_gid[432], 4040, 4041, 4042, 4043, 4044, 4045, 4046, 4048, 4051, 4052, 4053, 4058, 4064, 4066, 4067, 4069;
	setarray $@pvs_gid[448], 4070, 4071, 4074, 4075, 4077, 4078, 4079, 4080, 4081, 4082, 4084, 4085, 4086, 4087, 4088, 4089;
	setarray $@pvs_gid[464], 4090, 4091, 4092, 4093, 4094, 4097, 4098, 4099, 4100, 4102, 4103, 4104, 4105, 4106, 4107, 4110;
	setarray $@pvs_gid[480], 4112, 4113, 4114, 4115, 4116, 4117, 4118, 4119, 4120, 4122, 4124, 4126, 4127, 4133, 4136, 4138;
	setarray $@pvs_gid[496], 4140, 4141, 4149, 4150, 4152, 4158, 4159, 4160, 4161, 4162, 4166, 4169, 4172, 4180, 4185, 4187;
	setarray $@pvs_gid[512], 4190, 4191, 4194, 4199, 4205, 4209, 4210, 4213, 4217, 4218, 4223, 4228, 4229, 4230, 4231, 4234;
	setarray $@pvs_gid[528], 4235, 4237, 4238, 4240, 4241, 4242, 4244, 4248, 4250, 4251, 4252, 4253, 4254, 4257, 4258, 4260;
	setarray $@pvs_gid[544], 4262, 4267, 4268, 4269, 4273, 4275, 4278, 4279, 4280, 4281, 4287, 4288, 4296, 4311, 4314, 4315;
	setarray $@pvs_gid[560], 4321, 4322, 4325, 4327, 4334, 4335, 4336, 4337, 4340, 4341, 4344, 4345, 4354, 4360, 4364, 4366;
	setarray $@pvs_gid[576], 4369, 4375, 4377, 4379, 4387, 4388, 4401, 4402, 4409, 4411, 4412, 4413, 4414, 4415, 4416, 4417;
	setarray $@pvs_gid[592], 4420, 4421, 4422, 4426, 4429, 4432, 4438, 4439, 4442, 4447, 4448, 5002, 5011, 5014, 5017, 5035;
	setarray $@pvs_gid[608], 5037, 5045, 5053, 5066, 5072, 5085, 5093, 5096, 5113, 5118, 5119, 5124, 5125, 5126, 5127, 5128;
	setarray $@pvs_gid[624], 5141, 5172, 5398, 6033, 6086, 7004, 7005, 7006, 7007, 7009, 7013, 7014, 7015, 7019, 7023, 7024;
	setarray $@pvs_gid[640], 7027, 7032, 7033, 7035, 7043, 7047, 7048, 7049, 7064, 7067, 7068, 7069, 7070, 7071, 7072, 7093;
	setarray $@pvs_gid[656], 7094, 7095, 7096, 7097, 7098, 7099, 7100, 7110, 7111, 7112, 7114, 7117, 7120, 7121, 7122, 7123;
	setarray $@pvs_gid[672], 7124, 7125, 7126, 7150, 7152, 7157, 7159, 7161, 7169, 7171, 7194, 7196, 7197, 7200, 7205, 7206;
	setarray $@pvs_gid[688], 7209, 7210, 7211, 7212, 7213, 7214, 7215, 7216, 7217, 7219, 7220, 7221, 7223, 7226, 7267, 7268;
	setarray $@pvs_gid[704], 7270, 7277, 7291, 7292, 7293, 7294, 7296, 7312, 7317, 7319, 7321, 7322, 7325, 7352, 7353, 7354;
	setarray $@pvs_gid[720], 7355, 7356, 7357, 7358, 7359, 7438, 7443, 7444, 7445, 7446, 7448, 7477, 7481, 7507, 7510, 7511;
	setarray $@pvs_gid[736], 7512, 7561, 7564, 7565, 7567, 7568, 7798, 7799, 10003, 10004, 10005, 10006, 10007, 10008, 10010, 10012;
	setarray $@pvs_gid[752], 10015, 10016, 10017, 10018, 10019, 10020, 11002, 12001, 12002, 12006, 12007, 12014, 12020, 12040, 12127, 12128;
	setarray $@pvs_gid[768], 12183, 12373, 12374, 12395, 13002, 13004, 13006, 13008, 13009, 13011, 13012, 13013, 13014, 13015, 13027, 13028;
	setarray $@pvs_gid[784], 13038, 13046, 13047, 13101, 13103, 13104, 13107, 13152, 13153, 13156, 13157, 13158, 13159, 13161, 13164, 13167;
	setarray $@pvs_gid[800], 13169, 13170, 13300, 13301, 13302, 13303, 13304, 13405, 13414, 13421, 16000, 16001;
	setarray $@pvs_ghl[0], 50, 50, 50, 50, 50, 50, 50, 50, 50, 50, 50, 50, 50, 50, 50, 50;
	setarray $@pvs_ghl[16], 50, 50, 50, 50, 50, 50, 50, 50, 50, 50, 50, 50, 50, 50, 50, 50;
	setarray $@pvs_ghl[32], 50, 50, 50, 50, 50, 50, 50, 50, 50, 50, 50, 50, 50, 50, 50, 50;
	setarray $@pvs_ghl[48], 50, 50, 50, 50, 50, 50, 50, 50, 50, 50, 100, 100, 100, 100, 100, 100;
	setarray $@pvs_ghl[64], 100, 100, 100, 100, 100, 100, 100, 100, 100, 100, 100, 100, 100, 100, 100, 100;
	setarray $@pvs_ghl[80], 100, 50, 50, 100, 100, 50, 100, 100, 100, 100, 100, 100, 100, 50, 100, 100;
	setarray $@pvs_ghl[96], 100, 100, 100, 100, 100, 100, 100, 100, 100, 100, 100, 50, 100, 100, 100, 100;
	setarray $@pvs_ghl[112], 100, 100, 50, 100, 100, 50, 50, 50, 50, 50, 100, 100, 100, 100, 100, 100;
	setarray $@pvs_ghl[128], 50, 100, 100, 100, 100, 100, 100, 100, 100, 100, 100, 100, 100, 100, 300, 300;
	setarray $@pvs_ghl[144], 300, 300, 300, 300, 300, 500, 500, 500, 300, 300, 300, 500, 300, 300, 300, 300;
	setarray $@pvs_ghl[160], 500, 300, 300, 300, 300, 300, 300, 500, 500, 500, 500, 300, 300, 300, 300, 300;
	setarray $@pvs_ghl[176], 300, 300, 300, 300, 300, 300, 300, 500, 300, 300, 300, 300, 300, 300, 300, 300;
	setarray $@pvs_ghl[192], 300, 500, 300, 500, 300, 300, 500, 500, 300, 300, 300, 300, 300, 300, 500, 500;
	setarray $@pvs_ghl[208], 300, 300, 500, 500, 300, 300, 300, 300, 300, 300, 500, 500, 300, 300, 300, 300;
	setarray $@pvs_ghl[224], 300, 300, 300, 300, 300, 300, 300, 300, 300, 300, 300, 300, 300, 300, 300, 500;
	setarray $@pvs_ghl[240], 300, 300, 300, 300, 300, 500, 300, 300, 300, 300, 300, 300, 500, 300, 300, 300;
	setarray $@pvs_ghl[256], 300, 300, 500, 300, 300, 300, 300, 300, 300, 300, 300, 300, 300, 300, 300, 300;
	setarray $@pvs_ghl[272], 300, 300, 300, 300, 300, 300, 300, 300, 300, 300, 300, 300, 300, 300, 500, 500;
	setarray $@pvs_ghl[288], 300, 300, 300, 300, 300, 300, 300, 300, 300, 300, 300, 300, 300, 300, 300, 300;
	setarray $@pvs_ghl[304], 300, 300, 300, 300, 300, 300, 300, 300, 300, 300, 300, 300, 300, 300, 300, 300;
	setarray $@pvs_ghl[320], 300, 300, 300, 300, 300, 300, 300, 300, 300, 300, 300, 300, 300, 300, 300, 300;
	setarray $@pvs_ghl[336], 500, 300, 300, 300, 500, 500, 300, 300, 300, 300, 300, 300, 300, 300, 300, 300;
	setarray $@pvs_ghl[352], 300, 300, 300, 500, 300, 300, 500, 300, 300, 300, 300, 300, 300, 300, 300, 300;
	setarray $@pvs_ghl[368], 500, 300, 300, 300, 300, 300, 300, 300, 300, 300, 300, 300, 300, 300, 300, 300;
	setarray $@pvs_ghl[384], 300, 300, 300, 300, 300, 500, 500, 300, 300, 300, 500, 500, 500, 500, 300, 300;
	setarray $@pvs_ghl[400], 300, 300, 300, 300, 300, 300, 300, 300, 300, 500, 500, 500, 500, 500, 500, 500;
	setarray $@pvs_ghl[416], 500, 500, 500, 500, 500, 500, 500, 500, 500, 500, 500, 500, 500, 500, 500, 500;
	setarray $@pvs_ghl[432], 500, 500, 500, 500, 500, 500, 500, 500, 500, 500, 500, 500, 500, 500, 500, 500;
	setarray $@pvs_ghl[448], 500, 500, 500, 500, 500, 500, 500, 500, 500, 500, 500, 500, 500, 500, 500, 500;
	setarray $@pvs_ghl[464], 500, 500, 500, 500, 500, 500, 500, 500, 500, 500, 500, 500, 500, 500, 500, 500;
	setarray $@pvs_ghl[480], 500, 500, 500, 500, 500, 500, 500, 500, 500, 500, 500, 500, 500, 500, 500, 500;
	setarray $@pvs_ghl[496], 500, 500, 500, 500, 500, 500, 500, 500, 500, 500, 500, 500, 500, 500, 500, 500;
	setarray $@pvs_ghl[512], 500, 500, 500, 500, 500, 500, 500, 500, 500, 500, 500, 500, 500, 500, 500, 500;
	setarray $@pvs_ghl[528], 500, 500, 500, 500, 500, 500, 500, 500, 500, 500, 500, 500, 500, 500, 500, 500;
	setarray $@pvs_ghl[544], 500, 500, 500, 500, 500, 500, 500, 500, 500, 500, 500, 500, 500, 500, 500, 500;
	setarray $@pvs_ghl[560], 500, 500, 500, 500, 500, 500, 500, 500, 500, 500, 500, 500, 500, 500, 500, 500;
	setarray $@pvs_ghl[576], 500, 500, 500, 500, 500, 500, 500, 500, 500, 500, 500, 500, 500, 500, 500, 500;
	setarray $@pvs_ghl[592], 500, 500, 500, 500, 500, 500, 500, 500, 500, 500, 500, 300, 300, 300, 300, 300;
	setarray $@pvs_ghl[608], 300, 300, 300, 300, 300, 300, 300, 300, 300, 300, 300, 300, 300, 300, 300, 300;
	setarray $@pvs_ghl[624], 300, 300, 300, 100, 100, 100, 100, 100, 100, 100, 100, 100, 100, 100, 100, 100;
	setarray $@pvs_ghl[640], 100, 100, 50, 100, 100, 100, 100, 100, 100, 100, 100, 100, 100, 100, 100, 100;
	setarray $@pvs_ghl[656], 100, 100, 100, 100, 100, 100, 100, 100, 100, 100, 500, 100, 100, 100, 100, 100;
	setarray $@pvs_ghl[672], 100, 100, 100, 100, 100, 100, 100, 100, 500, 100, 100, 100, 100, 100, 100, 100;
	setarray $@pvs_ghl[688], 100, 100, 500, 100, 100, 100, 100, 100, 100, 100, 100, 100, 100, 100, 100, 100;
	setarray $@pvs_ghl[704], 100, 100, 100, 100, 100, 100, 100, 100, 100, 100, 100, 100, 100, 100, 100, 100;
	setarray $@pvs_ghl[720], 100, 100, 100, 100, 100, 100, 100, 100, 100, 100, 100, 100, 100, 100, 100, 100;
	setarray $@pvs_ghl[736], 100, 100, 100, 100, 100, 100, 100, 100, 100, 100, 100, 100, 100, 100, 100, 100;
	setarray $@pvs_ghl[752], 100, 500, 100, 500, 100, 500, 100, 50, 50, 50, 50, 50, 50, 50, 50, 50;
	setarray $@pvs_ghl[768], 50, 50, 50, 50, 300, 300, 300, 300, 300, 300, 300, 300, 300, 300, 300, 300;
	setarray $@pvs_ghl[784], 300, 500, 500, 300, 300, 300, 300, 300, 300, 300, 300, 300, 300, 300, 300, 300;
	setarray $@pvs_ghl[800], 300, 300, 300, 300, 300, 300, 300, 300, 300, 300, 500, 500;
	setarray $@pvs_gcap[0], 120, 200, 600, 200, 200, 200, 200, 200, 1200, 800, 200, 200, 200, 200, 80, 800;
	setarray $@pvs_gcap[16], 200, 12, 200, 120, 120, 1200, 120, 200, 200, 800, 120, 200, 200, 40, 200, 12;
	setarray $@pvs_gcap[32], 120, 80, 20, 12, 40, 40, 20, 20, 12, 20, 40, 12, 12, 20, 12, 40;
	setarray $@pvs_gcap[48], 12, 40, 5, 12, 40, 120, 120, 800, 800, 80, 40, 40, 80, 800, 20, 200;
	setarray $@pvs_gcap[64], 12, 20, 40, 200, 120, 200, 40, 120, 40, 40, 80, 20, 120, 12, 40, 20;
	setarray $@pvs_gcap[80], 8, 80, 200, 600, 200, 800, 200, 200, 120, 80, 80, 1200, 120, 1200, 200, 800;
	setarray $@pvs_gcap[96], 800, 200, 120, 1200, 800, 120, 400, 1200, 1200, 80, 40, 200, 40, 400, 80, 40;
	setarray $@pvs_gcap[112], 200, 40, 200, 12, 12, 200, 200, 200, 80, 40, 800, 40, 200, 200, 40, 80;
	setarray $@pvs_gcap[128], 200, 120, 80, 600, 40, 120, 1200, 120, 80, 200, 40, 120, 40, 200, 5, 5;
	setarray $@pvs_gcap[144], 5, 5, 5, 5, 5, 5, 5, 5, 5, 5, 5, 5, 5, 5, 5, 5;
	setarray $@pvs_gcap[160], 5, 5, 5, 5, 5, 5, 5, 5, 5, 5, 5, 5, 5, 5, 5, 5;
	setarray $@pvs_gcap[176], 5, 5, 5, 5, 5, 5, 5, 5, 5, 5, 5, 5, 5, 5, 5, 5;
	setarray $@pvs_gcap[192], 5, 5, 5, 5, 5, 5, 5, 5, 5, 5, 5, 5, 5, 5, 5, 5;
	setarray $@pvs_gcap[208], 5, 5, 5, 5, 5, 5, 5, 5, 5, 5, 5, 5, 5, 5, 5, 5;
	setarray $@pvs_gcap[224], 5, 5, 5, 5, 5, 5, 5, 5, 5, 5, 5, 5, 5, 5, 5, 5;
	setarray $@pvs_gcap[240], 5, 5, 5, 5, 5, 5, 5, 5, 5, 5, 5, 5, 5, 5, 5, 5;
	setarray $@pvs_gcap[256], 5, 5, 5, 5, 5, 5, 5, 5, 5, 5, 5, 5, 5, 5, 5, 5;
	setarray $@pvs_gcap[272], 5, 5, 5, 5, 5, 5, 5, 5, 5, 5, 5, 5, 5, 5, 5, 5;
	setarray $@pvs_gcap[288], 5, 5, 5, 5, 5, 5, 5, 5, 5, 5, 5, 5, 5, 5, 5, 5;
	setarray $@pvs_gcap[304], 5, 5, 5, 5, 5, 5, 5, 5, 5, 5, 5, 5, 5, 5, 5, 5;
	setarray $@pvs_gcap[320], 5, 5, 5, 5, 5, 5, 5, 5, 5, 5, 5, 5, 5, 5, 5, 5;
	setarray $@pvs_gcap[336], 5, 5, 5, 5, 5, 5, 5, 5, 5, 5, 5, 5, 5, 5, 5, 5;
	setarray $@pvs_gcap[352], 5, 5, 5, 5, 5, 5, 5, 5, 5, 5, 5, 5, 5, 5, 5, 5;
	setarray $@pvs_gcap[368], 5, 5, 5, 5, 5, 5, 5, 5, 5, 5, 5, 5, 5, 5, 5, 5;
	setarray $@pvs_gcap[384], 5, 5, 5, 5, 5, 5, 5, 5, 5, 5, 5, 5, 5, 5, 5, 5;
	setarray $@pvs_gcap[400], 5, 5, 5, 5, 5, 5, 5, 5, 5, 5, 5, 5, 5, 5, 5, 5;
	setarray $@pvs_gcap[416], 5, 5, 5, 5, 5, 5, 5, 5, 5, 5, 5, 5, 5, 5, 5, 5;
	setarray $@pvs_gcap[432], 5, 5, 5, 5, 5, 5, 5, 5, 5, 5, 5, 5, 5, 5, 5, 5;
	setarray $@pvs_gcap[448], 5, 5, 5, 5, 5, 5, 5, 5, 5, 5, 5, 5, 5, 5, 5, 5;
	setarray $@pvs_gcap[464], 5, 5, 5, 5, 5, 5, 5, 5, 5, 5, 5, 5, 5, 5, 5, 5;
	setarray $@pvs_gcap[480], 5, 5, 5, 5, 5, 5, 5, 5, 5, 5, 5, 5, 5, 5, 5, 5;
	setarray $@pvs_gcap[496], 5, 5, 5, 5, 5, 5, 5, 5, 5, 5, 5, 5, 5, 5, 5, 5;
	setarray $@pvs_gcap[512], 5, 5, 5, 5, 5, 5, 5, 5, 5, 5, 5, 5, 5, 5, 5, 5;
	setarray $@pvs_gcap[528], 5, 5, 5, 5, 5, 5, 5, 5, 5, 5, 5, 5, 5, 5, 5, 5;
	setarray $@pvs_gcap[544], 5, 5, 5, 5, 5, 5, 5, 5, 5, 5, 5, 5, 5, 5, 5, 5;
	setarray $@pvs_gcap[560], 5, 5, 5, 5, 5, 5, 5, 5, 5, 5, 5, 5, 5, 5, 5, 5;
	setarray $@pvs_gcap[576], 5, 5, 5, 5, 5, 5, 5, 5, 5, 5, 5, 5, 5, 5, 5, 5;
	setarray $@pvs_gcap[592], 5, 5, 5, 5, 5, 5, 5, 5, 5, 5, 5, 5, 5, 5, 5, 5;
	setarray $@pvs_gcap[608], 5, 5, 5, 5, 5, 5, 5, 5, 5, 5, 5, 5, 5, 5, 5, 5;
	setarray $@pvs_gcap[624], 5, 5, 5, 1200, 200, 200, 200, 800, 200, 800, 800, 12, 40, 12, 12, 12;
	setarray $@pvs_gcap[640], 200, 40, 200, 1200, 120, 80, 12, 120, 80, 120, 120, 40, 40, 40, 5, 200;
	setarray $@pvs_gcap[656], 80, 40, 200, 600, 200, 200, 80, 80, 200, 120, 40, 80, 120, 200, 400, 40;
	setarray $@pvs_gcap[672], 80, 120, 80, 40, 200, 20, 40, 40, 20, 400, 40, 1200, 12, 12, 12, 12;
	setarray $@pvs_gcap[688], 200, 40, 20, 80, 120, 200, 200, 40, 12, 120, 80, 120, 80, 20, 200, 40;
	setarray $@pvs_gcap[704], 12, 20, 5, 12, 5, 8, 8, 40, 200, 120, 200, 200, 800, 20, 20, 20;
	setarray $@pvs_gcap[720], 40, 12, 80, 120, 40, 120, 200, 12, 20, 120, 40, 20, 12, 200, 12, 40;
	setarray $@pvs_gcap[736], 12, 200, 800, 40, 40, 80, 80, 12, 5, 5, 5, 5, 5, 5, 5, 5;
	setarray $@pvs_gcap[752], 5, 5, 5, 5, 5, 5, 120, 200, 400, 200, 800, 800, 120, 40, 200, 12;
	setarray $@pvs_gcap[768], 200, 12, 800, 5, 5, 5, 5, 5, 5, 5, 5, 5, 5, 5, 5, 5;
	setarray $@pvs_gcap[784], 5, 5, 5, 5, 5, 5, 5, 5, 5, 5, 5, 5, 5, 5, 5, 5;
	setarray $@pvs_gcap[800], 5, 5, 5, 5, 5, 5, 5, 5, 5, 5, 5, 5;
	$@pvs_gk[507] = 1; $@pvs_gk[508] = 2; $@pvs_gk[509] = 3; $@pvs_gk[510] = 4; $@pvs_gk[511] = 5; $@pvs_gk[514] = 6; $@pvs_gk[517] = 7; $@pvs_gk[518] = 8;
	$@pvs_gk[520] = 9; $@pvs_gk[521] = 10; $@pvs_gk[525] = 11; $@pvs_gk[526] = 12; $@pvs_gk[529] = 13; $@pvs_gk[530] = 14; $@pvs_gk[531] = 15; $@pvs_gk[537] = 16;
	$@pvs_gk[538] = 17; $@pvs_gk[539] = 18; $@pvs_gk[548] = 19; $@pvs_gk[549] = 20; $@pvs_gk[550] = 21; $@pvs_gk[568] = 22; $@pvs_gk[576] = 23; $@pvs_gk[578] = 24;
	$@pvs_gk[582] = 25; $@pvs_gk[602] = 26; $@pvs_gk[603] = 27; $@pvs_gk[604] = 28; $@pvs_gk[607] = 29; $@pvs_gk[608] = 30; $@pvs_gk[609] = 31; $@pvs_gk[616] = 32;
	$@pvs_gk[617] = 33; $@pvs_gk[618] = 34; $@pvs_gk[619] = 35; $@pvs_gk[620] = 36; $@pvs_gk[621] = 37; $@pvs_gk[623] = 38; $@pvs_gk[624] = 39; $@pvs_gk[626] = 40;
	$@pvs_gk[627] = 41; $@pvs_gk[629] = 42; $@pvs_gk[630] = 43; $@pvs_gk[631] = 44; $@pvs_gk[632] = 45; $@pvs_gk[633] = 46; $@pvs_gk[637] = 47; $@pvs_gk[638] = 48;
	$@pvs_gk[639] = 49; $@pvs_gk[640] = 50; $@pvs_gk[641] = 51; $@pvs_gk[642] = 52; $@pvs_gk[661] = 53; $@pvs_gk[662] = 54; $@pvs_gk[689] = 55; $@pvs_gk[690] = 56;
	$@pvs_gk[695] = 57; $@pvs_gk[697] = 58; $@pvs_gk[701] = 59; $@pvs_gk[702] = 60; $@pvs_gk[704] = 61; $@pvs_gk[705] = 62; $@pvs_gk[706] = 63; $@pvs_gk[707] = 64;
	$@pvs_gk[710] = 65; $@pvs_gk[711] = 66; $@pvs_gk[714] = 67; $@pvs_gk[718] = 68; $@pvs_gk[719] = 69; $@pvs_gk[720] = 70; $@pvs_gk[722] = 71; $@pvs_gk[724] = 72;
	$@pvs_gk[725] = 73; $@pvs_gk[727] = 74; $@pvs_gk[731] = 75; $@pvs_gk[732] = 76; $@pvs_gk[733] = 77; $@pvs_gk[739] = 78; $@pvs_gk[743] = 79; $@pvs_gk[749] = 80;
	$@pvs_gk[751] = 81; $@pvs_gk[756] = 82; $@pvs_gk[757] = 83; $@pvs_gk[901] = 84; $@pvs_gk[904] = 85; $@pvs_gk[905] = 86; $@pvs_gk[906] = 87; $@pvs_gk[908] = 88;
	$@pvs_gk[913] = 89; $@pvs_gk[914] = 90; $@pvs_gk[915] = 91; $@pvs_gk[917] = 92; $@pvs_gk[918] = 93; $@pvs_gk[921] = 94; $@pvs_gk[922] = 95; $@pvs_gk[926] = 96;
	$@pvs_gk[928] = 97; $@pvs_gk[929] = 98; $@pvs_gk[930] = 99; $@pvs_gk[931] = 100; $@pvs_gk[932] = 101; $@pvs_gk[937] = 102; $@pvs_gk[938] = 103; $@pvs_gk[943] = 104;
	$@pvs_gk[945] = 105; $@pvs_gk[946] = 106; $@pvs_gk[948] = 107; $@pvs_gk[950] = 108; $@pvs_gk[951] = 109; $@pvs_gk[953] = 110; $@pvs_gk[954] = 111; $@pvs_gk[956] = 112;
	$@pvs_gk[966] = 113; $@pvs_gk[969] = 114; $@pvs_gk[972] = 115; $@pvs_gk[979] = 116; $@pvs_gk[983] = 117; $@pvs_gk[984] = 118; $@pvs_gk[985] = 119; $@pvs_gk[990] = 120;
	$@pvs_gk[993] = 121; $@pvs_gk[1002] = 122; $@pvs_gk[1005] = 123; $@pvs_gk[1006] = 124; $@pvs_gk[1007] = 125; $@pvs_gk[1018] = 126; $@pvs_gk[1023] = 127; $@pvs_gk[1028] = 128;
	$@pvs_gk[1032] = 129; $@pvs_gk[1036] = 130; $@pvs_gk[1039] = 131; $@pvs_gk[1044] = 132; $@pvs_gk[1048] = 133; $@pvs_gk[1054] = 134; $@pvs_gk[1055] = 135; $@pvs_gk[1060] = 136;
	$@pvs_gk[1063] = 137; $@pvs_gk[1094] = 138; $@pvs_gk[1095] = 139; $@pvs_gk[1096] = 140; $@pvs_gk[1097] = 141; $@pvs_gk[1098] = 142; $@pvs_gk[1105] = 143; $@pvs_gk[1108] = 144;
	$@pvs_gk[1111] = 145; $@pvs_gk[1114] = 146; $@pvs_gk[1120] = 147; $@pvs_gk[1125] = 148; $@pvs_gk[1127] = 149; $@pvs_gk[1135] = 150; $@pvs_gk[1136] = 151; $@pvs_gk[1141] = 152;
	$@pvs_gk[1147] = 153; $@pvs_gk[1148] = 154; $@pvs_gk[1162] = 155; $@pvs_gk[1167] = 156; $@pvs_gk[1170] = 157; $@pvs_gk[1176] = 158; $@pvs_gk[1182] = 159; $@pvs_gk[1188] = 160;
	$@pvs_gk[1189] = 161; $@pvs_gk[1202] = 162; $@pvs_gk[1205] = 163; $@pvs_gk[1214] = 164; $@pvs_gk[1220] = 165; $@pvs_gk[1226] = 166; $@pvs_gk[1229] = 167; $@pvs_gk[1230] = 168;
	$@pvs_gk[1232] = 169; $@pvs_gk[1234] = 170; $@pvs_gk[1242] = 171; $@pvs_gk[1246] = 172; $@pvs_gk[1255] = 173; $@pvs_gk[1257] = 174; $@pvs_gk[1258] = 175; $@pvs_gk[1259] = 176;
	$@pvs_gk[1260] = 177; $@pvs_gk[1264] = 178; $@pvs_gk[1268] = 179; $@pvs_gk[1269] = 180; $@pvs_gk[1270] = 181; $@pvs_gk[1271] = 182; $@pvs_gk[1284] = 183; $@pvs_gk[1285] = 184;
	$@pvs_gk[1302] = 185; $@pvs_gk[1304] = 186; $@pvs_gk[1311] = 187; $@pvs_gk[1355] = 188; $@pvs_gk[1358] = 189; $@pvs_gk[1361] = 190; $@pvs_gk[1370] = 191; $@pvs_gk[1375] = 192;
	$@pvs_gk[1376] = 193; $@pvs_gk[1377] = 194; $@pvs_gk[1384] = 195; $@pvs_gk[1387] = 196; $@pvs_gk[1402] = 197; $@pvs_gk[1408] = 198; $@pvs_gk[1411] = 199; $@pvs_gk[1413] = 200;
	$@pvs_gk[1420] = 201; $@pvs_gk[1421] = 202; $@pvs_gk[1452] = 203; $@pvs_gk[1455] = 204; $@pvs_gk[1464] = 205; $@pvs_gk[1466] = 206; $@pvs_gk[1468] = 207; $@pvs_gk[1471] = 208;
	$@pvs_gk[1472] = 209; $@pvs_gk[1473] = 210; $@pvs_gk[1474] = 211; $@pvs_gk[1477] = 212; $@pvs_gk[1478] = 213; $@pvs_gk[1483] = 214; $@pvs_gk[1484] = 215; $@pvs_gk[1485] = 216;
	$@pvs_gk[1508] = 217; $@pvs_gk[1520] = 218; $@pvs_gk[1524] = 219; $@pvs_gk[1525] = 220; $@pvs_gk[1541] = 221; $@pvs_gk[1544] = 222; $@pvs_gk[1548] = 223; $@pvs_gk[1553] = 224;
	$@pvs_gk[1554] = 225; $@pvs_gk[1555] = 226; $@pvs_gk[1556] = 227; $@pvs_gk[1557] = 228; $@pvs_gk[1558] = 229; $@pvs_gk[1573] = 230; $@pvs_gk[1608] = 231; $@pvs_gk[1613] = 232;
	$@pvs_gk[1614] = 233; $@pvs_gk[1616] = 234; $@pvs_gk[1629] = 235; $@pvs_gk[1630] = 236; $@pvs_gk[1637] = 237; $@pvs_gk[1646] = 238; $@pvs_gk[1647] = 239; $@pvs_gk[1648] = 240;
	$@pvs_gk[1702] = 241; $@pvs_gk[1708] = 242; $@pvs_gk[1711] = 243; $@pvs_gk[1715] = 244; $@pvs_gk[1716] = 245; $@pvs_gk[1722] = 246; $@pvs_gk[1730] = 247; $@pvs_gk[1731] = 248;
	$@pvs_gk[1732] = 249; $@pvs_gk[1733] = 250; $@pvs_gk[1734] = 251; $@pvs_gk[1736] = 252; $@pvs_gk[1737] = 253; $@pvs_gk[1740] = 254; $@pvs_gk[1741] = 255; $@pvs_gk[1745] = 256;
	$@pvs_gk[1802] = 257; $@pvs_gk[1806] = 258; $@pvs_gk[1815] = 259; $@pvs_gk[1818] = 260; $@pvs_gk[1819] = 261; $@pvs_gk[1820] = 262; $@pvs_gk[1821] = 263; $@pvs_gk[1822] = 264;
	$@pvs_gk[1825] = 265; $@pvs_gk[1902] = 266; $@pvs_gk[1910] = 267; $@pvs_gk[1914] = 268; $@pvs_gk[1915] = 269; $@pvs_gk[1918] = 270; $@pvs_gk[1919] = 271; $@pvs_gk[1920] = 272;
	$@pvs_gk[1925] = 273; $@pvs_gk[1926] = 274; $@pvs_gk[1951] = 275; $@pvs_gk[1964] = 276; $@pvs_gk[1965] = 277; $@pvs_gk[1966] = 278; $@pvs_gk[1967] = 279; $@pvs_gk[1968] = 280;
	$@pvs_gk[1970] = 281; $@pvs_gk[1971] = 282; $@pvs_gk[1973] = 283; $@pvs_gk[1979] = 284; $@pvs_gk[1980] = 285; $@pvs_gk[2001] = 286; $@pvs_gk[2004] = 287; $@pvs_gk[2005] = 288;
	$@pvs_gk[2104] = 289; $@pvs_gk[2109] = 290; $@pvs_gk[2111] = 291; $@pvs_gk[2115] = 292; $@pvs_gk[2122] = 293; $@pvs_gk[2125] = 294; $@pvs_gk[2129] = 295; $@pvs_gk[2130] = 296;
	$@pvs_gk[2131] = 297; $@pvs_gk[2133] = 298; $@pvs_gk[2134] = 299; $@pvs_gk[2135] = 300; $@pvs_gk[2138] = 301; $@pvs_gk[2207] = 302; $@pvs_gk[2209] = 303; $@pvs_gk[2221] = 304;
	$@pvs_gk[2227] = 305; $@pvs_gk[2233] = 306; $@pvs_gk[2251] = 307; $@pvs_gk[2252] = 308; $@pvs_gk[2253] = 309; $@pvs_gk[2254] = 310; $@pvs_gk[2255] = 311; $@pvs_gk[2257] = 312;
	$@pvs_gk[2277] = 313; $@pvs_gk[2279] = 314; $@pvs_gk[2282] = 315; $@pvs_gk[2285] = 316; $@pvs_gk[2287] = 317; $@pvs_gk[2288] = 318; $@pvs_gk[2289] = 319; $@pvs_gk[2294] = 320;
	$@pvs_gk[2302] = 321; $@pvs_gk[2304] = 322; $@pvs_gk[2308] = 323; $@pvs_gk[2310] = 324; $@pvs_gk[2318] = 325; $@pvs_gk[2320] = 326; $@pvs_gk[2322] = 327; $@pvs_gk[2324] = 328;
	$@pvs_gk[2327] = 329; $@pvs_gk[2329] = 330; $@pvs_gk[2333] = 331; $@pvs_gk[2334] = 332; $@pvs_gk[2336] = 333; $@pvs_gk[2337] = 334; $@pvs_gk[2339] = 335; $@pvs_gk[2344] = 336;
	$@pvs_gk[2345] = 337; $@pvs_gk[2354] = 338; $@pvs_gk[2355] = 339; $@pvs_gk[2366] = 340; $@pvs_gk[2374] = 341; $@pvs_gk[2375] = 342; $@pvs_gk[2386] = 343; $@pvs_gk[2387] = 344;
	$@pvs_gk[2388] = 345; $@pvs_gk[2389] = 346; $@pvs_gk[2390] = 347; $@pvs_gk[2391] = 348; $@pvs_gk[2402] = 349; $@pvs_gk[2407] = 350; $@pvs_gk[2408] = 351; $@pvs_gk[2409] = 352;
	$@pvs_gk[2418] = 353; $@pvs_gk[2419] = 354; $@pvs_gk[2420] = 355; $@pvs_gk[2421] = 356; $@pvs_gk[2422] = 357; $@pvs_gk[2426] = 358; $@pvs_gk[2433] = 359; $@pvs_gk[2440] = 360;
	$@pvs_gk[2502] = 361; $@pvs_gk[2513] = 362; $@pvs_gk[2516] = 363; $@pvs_gk[2517] = 364; $@pvs_gk[2518] = 365; $@pvs_gk[2520] = 366; $@pvs_gk[2521] = 367; $@pvs_gk[2522] = 368;
	$@pvs_gk[2524] = 369; $@pvs_gk[2527] = 370; $@pvs_gk[2529] = 371; $@pvs_gk[2530] = 372; $@pvs_gk[2532] = 373; $@pvs_gk[2536] = 374; $@pvs_gk[2537] = 375; $@pvs_gk[2544] = 376;
	$@pvs_gk[2545] = 377; $@pvs_gk[2601] = 378; $@pvs_gk[2602] = 379; $@pvs_gk[2604] = 380; $@pvs_gk[2605] = 381; $@pvs_gk[2607] = 382; $@pvs_gk[2610] = 383; $@pvs_gk[2611] = 384;
	$@pvs_gk[2614] = 385; $@pvs_gk[2615] = 386; $@pvs_gk[2617] = 387; $@pvs_gk[2619] = 388; $@pvs_gk[2620] = 389; $@pvs_gk[2650] = 390; $@pvs_gk[2651] = 391; $@pvs_gk[2652] = 392;
	$@pvs_gk[2654] = 393; $@pvs_gk[2656] = 394; $@pvs_gk[2677] = 395; $@pvs_gk[2678] = 396; $@pvs_gk[2679] = 397; $@pvs_gk[2700] = 398; $@pvs_gk[2716] = 399; $@pvs_gk[2717] = 400;
	$@pvs_gk[2718] = 401; $@pvs_gk[2719] = 402; $@pvs_gk[2726] = 403; $@pvs_gk[2727] = 404; $@pvs_gk[2743] = 405; $@pvs_gk[2744] = 406; $@pvs_gk[2746] = 407; $@pvs_gk[2747] = 408;
	$@pvs_gk[2749] = 409; $@pvs_gk[4001] = 410; $@pvs_gk[4002] = 411; $@pvs_gk[4003] = 412; $@pvs_gk[4007] = 413; $@pvs_gk[4010] = 414; $@pvs_gk[4013] = 415; $@pvs_gk[4014] = 416;
	$@pvs_gk[4015] = 417; $@pvs_gk[4016] = 418; $@pvs_gk[4019] = 419; $@pvs_gk[4022] = 420; $@pvs_gk[4025] = 421; $@pvs_gk[4028] = 422; $@pvs_gk[4030] = 423; $@pvs_gk[4031] = 424;
	$@pvs_gk[4032] = 425; $@pvs_gk[4033] = 426; $@pvs_gk[4034] = 427; $@pvs_gk[4035] = 428; $@pvs_gk[4036] = 429; $@pvs_gk[4037] = 430; $@pvs_gk[4038] = 431; $@pvs_gk[4039] = 432;
	$@pvs_gk[4040] = 433; $@pvs_gk[4041] = 434; $@pvs_gk[4042] = 435; $@pvs_gk[4043] = 436; $@pvs_gk[4044] = 437; $@pvs_gk[4045] = 438; $@pvs_gk[4046] = 439; $@pvs_gk[4048] = 440;
	$@pvs_gk[4051] = 441; $@pvs_gk[4052] = 442; $@pvs_gk[4053] = 443; $@pvs_gk[4058] = 444; $@pvs_gk[4064] = 445; $@pvs_gk[4066] = 446; $@pvs_gk[4067] = 447; $@pvs_gk[4069] = 448;
	$@pvs_gk[4070] = 449; $@pvs_gk[4071] = 450; $@pvs_gk[4074] = 451; $@pvs_gk[4075] = 452; $@pvs_gk[4077] = 453; $@pvs_gk[4078] = 454; $@pvs_gk[4079] = 455; $@pvs_gk[4080] = 456;
	$@pvs_gk[4081] = 457; $@pvs_gk[4082] = 458; $@pvs_gk[4084] = 459; $@pvs_gk[4085] = 460; $@pvs_gk[4086] = 461; $@pvs_gk[4087] = 462; $@pvs_gk[4088] = 463; $@pvs_gk[4089] = 464;
	$@pvs_gk[4090] = 465; $@pvs_gk[4091] = 466; $@pvs_gk[4092] = 467; $@pvs_gk[4093] = 468; $@pvs_gk[4094] = 469; $@pvs_gk[4097] = 470; $@pvs_gk[4098] = 471; $@pvs_gk[4099] = 472;
	$@pvs_gk[4100] = 473; $@pvs_gk[4102] = 474; $@pvs_gk[4103] = 475; $@pvs_gk[4104] = 476; $@pvs_gk[4105] = 477; $@pvs_gk[4106] = 478; $@pvs_gk[4107] = 479; $@pvs_gk[4110] = 480;
	$@pvs_gk[4112] = 481; $@pvs_gk[4113] = 482; $@pvs_gk[4114] = 483; $@pvs_gk[4115] = 484; $@pvs_gk[4116] = 485; $@pvs_gk[4117] = 486; $@pvs_gk[4118] = 487; $@pvs_gk[4119] = 488;
	$@pvs_gk[4120] = 489; $@pvs_gk[4122] = 490; $@pvs_gk[4124] = 491; $@pvs_gk[4126] = 492; $@pvs_gk[4127] = 493; $@pvs_gk[4133] = 494; $@pvs_gk[4136] = 495; $@pvs_gk[4138] = 496;
	$@pvs_gk[4140] = 497; $@pvs_gk[4141] = 498; $@pvs_gk[4149] = 499; $@pvs_gk[4150] = 500; $@pvs_gk[4152] = 501; $@pvs_gk[4158] = 502; $@pvs_gk[4159] = 503; $@pvs_gk[4160] = 504;
	$@pvs_gk[4161] = 505; $@pvs_gk[4162] = 506; $@pvs_gk[4166] = 507; $@pvs_gk[4169] = 508; $@pvs_gk[4172] = 509; $@pvs_gk[4180] = 510; $@pvs_gk[4185] = 511; $@pvs_gk[4187] = 512;
	$@pvs_gk[4190] = 513; $@pvs_gk[4191] = 514; $@pvs_gk[4194] = 515; $@pvs_gk[4199] = 516; $@pvs_gk[4205] = 517; $@pvs_gk[4209] = 518; $@pvs_gk[4210] = 519; $@pvs_gk[4213] = 520;
	$@pvs_gk[4217] = 521; $@pvs_gk[4218] = 522; $@pvs_gk[4223] = 523; $@pvs_gk[4228] = 524; $@pvs_gk[4229] = 525; $@pvs_gk[4230] = 526; $@pvs_gk[4231] = 527; $@pvs_gk[4234] = 528;
	$@pvs_gk[4235] = 529; $@pvs_gk[4237] = 530; $@pvs_gk[4238] = 531; $@pvs_gk[4240] = 532; $@pvs_gk[4241] = 533; $@pvs_gk[4242] = 534; $@pvs_gk[4244] = 535; $@pvs_gk[4248] = 536;
	$@pvs_gk[4250] = 537; $@pvs_gk[4251] = 538; $@pvs_gk[4252] = 539; $@pvs_gk[4253] = 540; $@pvs_gk[4254] = 541; $@pvs_gk[4257] = 542; $@pvs_gk[4258] = 543; $@pvs_gk[4260] = 544;
	$@pvs_gk[4262] = 545; $@pvs_gk[4267] = 546; $@pvs_gk[4268] = 547; $@pvs_gk[4269] = 548; $@pvs_gk[4273] = 549; $@pvs_gk[4275] = 550; $@pvs_gk[4278] = 551; $@pvs_gk[4279] = 552;
	$@pvs_gk[4280] = 553; $@pvs_gk[4281] = 554; $@pvs_gk[4287] = 555; $@pvs_gk[4288] = 556; $@pvs_gk[4296] = 557; $@pvs_gk[4311] = 558; $@pvs_gk[4314] = 559; $@pvs_gk[4315] = 560;
	$@pvs_gk[4321] = 561; $@pvs_gk[4322] = 562; $@pvs_gk[4325] = 563; $@pvs_gk[4327] = 564; $@pvs_gk[4334] = 565; $@pvs_gk[4335] = 566; $@pvs_gk[4336] = 567; $@pvs_gk[4337] = 568;
	$@pvs_gk[4340] = 569; $@pvs_gk[4341] = 570; $@pvs_gk[4344] = 571; $@pvs_gk[4345] = 572; $@pvs_gk[4354] = 573; $@pvs_gk[4360] = 574; $@pvs_gk[4364] = 575; $@pvs_gk[4366] = 576;
	$@pvs_gk[4369] = 577; $@pvs_gk[4375] = 578; $@pvs_gk[4377] = 579; $@pvs_gk[4379] = 580; $@pvs_gk[4387] = 581; $@pvs_gk[4388] = 582; $@pvs_gk[4401] = 583; $@pvs_gk[4402] = 584;
	$@pvs_gk[4409] = 585; $@pvs_gk[4411] = 586; $@pvs_gk[4412] = 587; $@pvs_gk[4413] = 588; $@pvs_gk[4414] = 589; $@pvs_gk[4415] = 590; $@pvs_gk[4416] = 591; $@pvs_gk[4417] = 592;
	$@pvs_gk[4420] = 593; $@pvs_gk[4421] = 594; $@pvs_gk[4422] = 595; $@pvs_gk[4426] = 596; $@pvs_gk[4429] = 597; $@pvs_gk[4432] = 598; $@pvs_gk[4438] = 599; $@pvs_gk[4439] = 600;
	$@pvs_gk[4442] = 601; $@pvs_gk[4447] = 602; $@pvs_gk[4448] = 603; $@pvs_gk[5002] = 604; $@pvs_gk[5011] = 605; $@pvs_gk[5014] = 606; $@pvs_gk[5017] = 607; $@pvs_gk[5035] = 608;
	$@pvs_gk[5037] = 609; $@pvs_gk[5045] = 610; $@pvs_gk[5053] = 611; $@pvs_gk[5066] = 612; $@pvs_gk[5072] = 613; $@pvs_gk[5085] = 614; $@pvs_gk[5093] = 615; $@pvs_gk[5096] = 616;
	$@pvs_gk[5113] = 617; $@pvs_gk[5118] = 618; $@pvs_gk[5119] = 619; $@pvs_gk[5124] = 620; $@pvs_gk[5125] = 621; $@pvs_gk[5126] = 622; $@pvs_gk[5127] = 623; $@pvs_gk[5128] = 624;
	$@pvs_gk[5141] = 625; $@pvs_gk[5172] = 626; $@pvs_gk[5398] = 627; $@pvs_gk[6033] = 628; $@pvs_gk[6086] = 629; $@pvs_gk[7004] = 630; $@pvs_gk[7005] = 631; $@pvs_gk[7006] = 632;
	$@pvs_gk[7007] = 633; $@pvs_gk[7009] = 634; $@pvs_gk[7013] = 635; $@pvs_gk[7014] = 636; $@pvs_gk[7015] = 637; $@pvs_gk[7019] = 638; $@pvs_gk[7023] = 639; $@pvs_gk[7024] = 640;
	$@pvs_gk[7027] = 641; $@pvs_gk[7032] = 642; $@pvs_gk[7033] = 643; $@pvs_gk[7035] = 644; $@pvs_gk[7043] = 645; $@pvs_gk[7047] = 646; $@pvs_gk[7048] = 647; $@pvs_gk[7049] = 648;
	$@pvs_gk[7064] = 649; $@pvs_gk[7067] = 650; $@pvs_gk[7068] = 651; $@pvs_gk[7069] = 652; $@pvs_gk[7070] = 653; $@pvs_gk[7071] = 654; $@pvs_gk[7072] = 655; $@pvs_gk[7093] = 656;
	$@pvs_gk[7094] = 657; $@pvs_gk[7095] = 658; $@pvs_gk[7096] = 659; $@pvs_gk[7097] = 660; $@pvs_gk[7098] = 661; $@pvs_gk[7099] = 662; $@pvs_gk[7100] = 663; $@pvs_gk[7110] = 664;
	$@pvs_gk[7111] = 665; $@pvs_gk[7112] = 666; $@pvs_gk[7114] = 667; $@pvs_gk[7117] = 668; $@pvs_gk[7120] = 669; $@pvs_gk[7121] = 670; $@pvs_gk[7122] = 671; $@pvs_gk[7123] = 672;
	$@pvs_gk[7124] = 673; $@pvs_gk[7125] = 674; $@pvs_gk[7126] = 675; $@pvs_gk[7150] = 676; $@pvs_gk[7152] = 677; $@pvs_gk[7157] = 678; $@pvs_gk[7159] = 679; $@pvs_gk[7161] = 680;
	$@pvs_gk[7169] = 681; $@pvs_gk[7171] = 682; $@pvs_gk[7194] = 683; $@pvs_gk[7196] = 684; $@pvs_gk[7197] = 685; $@pvs_gk[7200] = 686; $@pvs_gk[7205] = 687; $@pvs_gk[7206] = 688;
	$@pvs_gk[7209] = 689; $@pvs_gk[7210] = 690; $@pvs_gk[7211] = 691; $@pvs_gk[7212] = 692; $@pvs_gk[7213] = 693; $@pvs_gk[7214] = 694; $@pvs_gk[7215] = 695; $@pvs_gk[7216] = 696;
	$@pvs_gk[7217] = 697; $@pvs_gk[7219] = 698; $@pvs_gk[7220] = 699; $@pvs_gk[7221] = 700; $@pvs_gk[7223] = 701; $@pvs_gk[7226] = 702; $@pvs_gk[7267] = 703; $@pvs_gk[7268] = 704;
	$@pvs_gk[7270] = 705; $@pvs_gk[7277] = 706; $@pvs_gk[7291] = 707; $@pvs_gk[7292] = 708; $@pvs_gk[7293] = 709; $@pvs_gk[7294] = 710; $@pvs_gk[7296] = 711; $@pvs_gk[7312] = 712;
	$@pvs_gk[7317] = 713; $@pvs_gk[7319] = 714; $@pvs_gk[7321] = 715; $@pvs_gk[7322] = 716; $@pvs_gk[7325] = 717; $@pvs_gk[7352] = 718; $@pvs_gk[7353] = 719; $@pvs_gk[7354] = 720;
	$@pvs_gk[7355] = 721; $@pvs_gk[7356] = 722; $@pvs_gk[7357] = 723; $@pvs_gk[7358] = 724; $@pvs_gk[7359] = 725; $@pvs_gk[7438] = 726; $@pvs_gk[7443] = 727; $@pvs_gk[7444] = 728;
	$@pvs_gk[7445] = 729; $@pvs_gk[7446] = 730; $@pvs_gk[7448] = 731; $@pvs_gk[7477] = 732; $@pvs_gk[7481] = 733; $@pvs_gk[7507] = 734; $@pvs_gk[7510] = 735; $@pvs_gk[7511] = 736;
	$@pvs_gk[7512] = 737; $@pvs_gk[7561] = 738; $@pvs_gk[7564] = 739; $@pvs_gk[7565] = 740; $@pvs_gk[7567] = 741; $@pvs_gk[7568] = 742; $@pvs_gk[7798] = 743; $@pvs_gk[7799] = 744;
	$@pvs_gk[10003] = 745; $@pvs_gk[10004] = 746; $@pvs_gk[10005] = 747; $@pvs_gk[10006] = 748; $@pvs_gk[10007] = 749; $@pvs_gk[10008] = 750; $@pvs_gk[10010] = 751; $@pvs_gk[10012] = 752;
	$@pvs_gk[10015] = 753; $@pvs_gk[10016] = 754; $@pvs_gk[10017] = 755; $@pvs_gk[10018] = 756; $@pvs_gk[10019] = 757; $@pvs_gk[10020] = 758; $@pvs_gk[11002] = 759; $@pvs_gk[12001] = 760;
	$@pvs_gk[12002] = 761; $@pvs_gk[12006] = 762; $@pvs_gk[12007] = 763; $@pvs_gk[12014] = 764; $@pvs_gk[12020] = 765; $@pvs_gk[12040] = 766; $@pvs_gk[12127] = 767; $@pvs_gk[12128] = 768;
	$@pvs_gk[12183] = 769; $@pvs_gk[12373] = 770; $@pvs_gk[12374] = 771; $@pvs_gk[12395] = 772; $@pvs_gk[13002] = 773; $@pvs_gk[13004] = 774; $@pvs_gk[13006] = 775; $@pvs_gk[13008] = 776;
	$@pvs_gk[13009] = 777; $@pvs_gk[13011] = 778; $@pvs_gk[13012] = 779; $@pvs_gk[13013] = 780; $@pvs_gk[13014] = 781; $@pvs_gk[13015] = 782; $@pvs_gk[13027] = 783; $@pvs_gk[13028] = 784;
	$@pvs_gk[13038] = 785; $@pvs_gk[13046] = 786; $@pvs_gk[13047] = 787; $@pvs_gk[13101] = 788; $@pvs_gk[13103] = 789; $@pvs_gk[13104] = 790; $@pvs_gk[13107] = 791; $@pvs_gk[13152] = 792;
	$@pvs_gk[13153] = 793; $@pvs_gk[13156] = 794; $@pvs_gk[13157] = 795; $@pvs_gk[13158] = 796; $@pvs_gk[13159] = 797; $@pvs_gk[13161] = 798; $@pvs_gk[13164] = 799; $@pvs_gk[13167] = 800;
	$@pvs_gk[13169] = 801; $@pvs_gk[13170] = 802; $@pvs_gk[13300] = 803; $@pvs_gk[13301] = 804; $@pvs_gk[13302] = 805; $@pvs_gk[13303] = 806; $@pvs_gk[13304] = 807; $@pvs_gk[13405] = 808;
	$@pvs_gk[13414] = 809; $@pvs_gk[13421] = 810; $@pvs_gk[16000] = 811; $@pvs_gk[16001] = 812;
	setarray $@pvs_aitem[0], 507, 507, 508, 509, 509, 510, 511, 514, 517, 518, 518, 520, 521, 525, 526, 529;
	setarray $@pvs_aitem[16], 530, 531, 537, 538, 539, 548, 549, 550, 568, 568, 576, 578, 582, 602, 603, 603;
	setarray $@pvs_aitem[32], 604, 604, 607, 608, 608, 609, 609, 616, 616, 617, 617, 618, 619, 619, 620, 621;
	setarray $@pvs_aitem[48], 623, 624, 626, 627, 629, 630, 631, 632, 633, 637, 638, 639, 640, 641, 642, 661;
	setarray $@pvs_aitem[64], 662, 689, 690, 695, 695, 697, 701, 702, 704, 705, 706, 706, 707, 710, 711, 714;
	setarray $@pvs_aitem[80], 714, 718, 718, 719, 719, 720, 722, 722, 724, 725, 725, 727, 727, 731, 731, 732;
	setarray $@pvs_aitem[96], 732, 733, 739, 743, 749, 756, 756, 757, 757, 901, 904, 905, 906, 908, 913, 914;
	setarray $@pvs_aitem[112], 915, 917, 918, 921, 922, 926, 928, 929, 930, 930, 931, 932, 932, 937, 938, 943;
	setarray $@pvs_aitem[128], 945, 946, 948, 950, 951, 953, 954, 956, 966, 969, 969, 972, 979, 983, 984, 984;
	setarray $@pvs_aitem[144], 985, 985, 990, 993, 1002, 1005, 1006, 1007, 1018, 1023, 1028, 1032, 1036, 1036, 1039, 1039;
	setarray $@pvs_aitem[160], 1044, 1048, 1048, 1054, 1055, 1060, 1063, 1094, 1095, 1096, 1097, 1098, 1105, 1108, 1111, 1114;
	setarray $@pvs_aitem[176], 1120, 1125, 1127, 1147, 1148, 1162, 1162, 1170, 1176, 1182, 1188, 1202, 1205, 1214, 1214, 1220;
	setarray $@pvs_aitem[192], 1226, 1229, 1246, 1255, 1257, 1258, 1259, 1260, 1264, 1268, 1269, 1270, 1270, 1271, 1284, 1302;
	setarray $@pvs_aitem[208], 1304, 1311, 1355, 1358, 1361, 1370, 1375, 1376, 1384, 1402, 1408, 1420, 1421, 1452, 1452, 1455;
	setarray $@pvs_aitem[224], 1464, 1472, 1472, 1473, 1478, 1483, 1484, 1485, 1508, 1520, 1541, 1544, 1548, 1553, 1554, 1555;
	setarray $@pvs_aitem[240], 1556, 1558, 1573, 1608, 1613, 1614, 1616, 1629, 1630, 1637, 1646, 1647, 1702, 1708, 1711, 1715;
	setarray $@pvs_aitem[256], 1716, 1716, 1730, 1731, 1732, 1733, 1734, 1736, 1740, 1741, 1745, 1802, 1806, 1818, 1819, 1820;
	setarray $@pvs_aitem[272], 1821, 1822, 1825, 1902, 1910, 1914, 1915, 1918, 1919, 1920, 1925, 1926, 1951, 1964, 1965, 1966;
	setarray $@pvs_aitem[288], 1967, 1968, 1970, 1971, 1973, 1979, 1980, 2001, 2104, 2109, 2111, 2115, 2122, 2125, 2129, 2130;
	setarray $@pvs_aitem[304], 2131, 2133, 2134, 2135, 2138, 2207, 2209, 2221, 2227, 2233, 2251, 2252, 2253, 2254, 2255, 2255;
	setarray $@pvs_aitem[320], 2257, 2257, 2277, 2279, 2282, 2282, 2285, 2287, 2288, 2289, 2294, 2302, 2304, 2308, 2310, 2318;
	setarray $@pvs_aitem[336], 2320, 2322, 2322, 2324, 2324, 2327, 2329, 2333, 2334, 2336, 2336, 2337, 2339, 2344, 2354, 2355;
	setarray $@pvs_aitem[352], 2366, 2386, 2387, 2388, 2389, 2390, 2391, 2402, 2407, 2408, 2409, 2418, 2419, 2420, 2422, 2426;
	setarray $@pvs_aitem[368], 2440, 2502, 2516, 2517, 2518, 2520, 2521, 2522, 2527, 2529, 2530, 2532, 2536, 2537, 2544, 2545;
	setarray $@pvs_aitem[384], 2601, 2602, 2604, 2605, 2607, 2607, 2610, 2611, 2614, 2617, 2619, 2620, 2652, 2654, 2656, 2716;
	setarray $@pvs_aitem[400], 2717, 2718, 2719, 2726, 2727, 2743, 2744, 2746, 2747, 2749, 4001, 4002, 4003, 4007, 4010, 4013;
	setarray $@pvs_aitem[416], 4014, 4015, 4016, 4019, 4022, 4025, 4028, 4030, 4031, 4032, 4033, 4034, 4035, 4036, 4037, 4038;
	setarray $@pvs_aitem[432], 4039, 4040, 4041, 4042, 4043, 4044, 4045, 4046, 4048, 4051, 4052, 4053, 4058, 4064, 4066, 4067;
	setarray $@pvs_aitem[448], 4069, 4070, 4071, 4074, 4075, 4077, 4078, 4079, 4080, 4081, 4082, 4084, 4085, 4086, 4087, 4088;
	setarray $@pvs_aitem[464], 4089, 4090, 4091, 4092, 4093, 4094, 4097, 4098, 4099, 4100, 4102, 4103, 4104, 4105, 4106, 4107;
	setarray $@pvs_aitem[480], 4110, 4112, 4113, 4114, 4115, 4116, 4117, 4118, 4119, 4120, 4122, 4124, 4126, 4127, 4133, 4136;
	setarray $@pvs_aitem[496], 4138, 4140, 4141, 4149, 4150, 4152, 4158, 4159, 4160, 4161, 4162, 4166, 4169, 4172, 4180, 4185;
	setarray $@pvs_aitem[512], 4187, 4190, 4191, 4194, 4199, 4205, 4209, 4210, 4213, 4217, 4218, 4223, 4228, 4229, 4230, 4231;
	setarray $@pvs_aitem[528], 4234, 4235, 4237, 4238, 4240, 4242, 4244, 4248, 4250, 4251, 4252, 4253, 4254, 4257, 4258, 4260;
	setarray $@pvs_aitem[544], 4262, 4267, 4268, 4269, 4273, 4275, 4278, 4279, 4280, 4281, 4287, 4288, 4296, 4311, 4314, 4315;
	setarray $@pvs_aitem[560], 4321, 4322, 4325, 4327, 4334, 4335, 4337, 4340, 4341, 4344, 4345, 4354, 4360, 4364, 4366, 4369;
	setarray $@pvs_aitem[576], 4375, 4377, 4379, 4387, 4388, 4401, 4402, 4409, 4411, 4412, 4413, 4414, 4415, 4416, 4417, 4420;
	setarray $@pvs_aitem[592], 4421, 4422, 4426, 4429, 4432, 4438, 4439, 4442, 4447, 4448, 5011, 5014, 5017, 5017, 5035, 5037;
	setarray $@pvs_aitem[608], 5045, 5066, 5072, 5085, 5096, 5113, 5118, 5119, 5124, 5125, 5126, 5127, 5128, 5141, 5172, 5398;
	setarray $@pvs_aitem[624], 6033, 6086, 7004, 7005, 7005, 7006, 7007, 7009, 7013, 7014, 7015, 7019, 7019, 7023, 7024, 7027;
	setarray $@pvs_aitem[640], 7032, 7033, 7035, 7043, 7047, 7048, 7049, 7064, 7067, 7068, 7069, 7069, 7070, 7071, 7071, 7072;
	setarray $@pvs_aitem[656], 7093, 7094, 7095, 7096, 7097, 7097, 7098, 7099, 7100, 7110, 7110, 7111, 7112, 7117, 7117, 7120;
	setarray $@pvs_aitem[672], 7121, 7122, 7122, 7123, 7123, 7124, 7125, 7126, 7150, 7152, 7157, 7159, 7161, 7171, 7194, 7196;
	setarray $@pvs_aitem[688], 7197, 7197, 7200, 7205, 7206, 7209, 7210, 7212, 7213, 7214, 7215, 7216, 7217, 7219, 7220, 7221;
	setarray $@pvs_aitem[704], 7223, 7226, 7267, 7268, 7270, 7277, 7291, 7292, 7293, 7294, 7296, 7312, 7317, 7319, 7321, 7322;
	setarray $@pvs_aitem[720], 7325, 7352, 7353, 7354, 7355, 7356, 7357, 7358, 7359, 7438, 7443, 7444, 7445, 7446, 7448, 7477;
	setarray $@pvs_aitem[736], 7481, 7507, 7510, 7511, 7511, 7512, 7561, 7564, 7564, 7565, 7567, 7568, 7798, 7799, 10003, 10004;
	setarray $@pvs_aitem[752], 10005, 10006, 10007, 10008, 10010, 10012, 10015, 10017, 10019, 11002, 12001, 12002, 12006, 12007, 12014, 12020;
	setarray $@pvs_aitem[768], 12040, 12127, 12128, 12183, 12373, 12374, 12395, 13002, 13004, 13006, 13008, 13009, 13011, 13012, 13013, 13014;
	setarray $@pvs_aitem[784], 13015, 13027, 13027, 13028, 13038, 13101, 13103, 13104, 13107, 13152, 13153, 13156, 13157, 13158, 13159, 13161;
	setarray $@pvs_aitem[800], 13164, 13167, 13169, 13170, 13300, 13301, 13302, 13303, 13304, 13405, 13414, 13421;
	setarray $@pvs_acls[0], 3, 4, 3, 3, 4, 3, 3, 3, 3, 3, 4, 3, 3, 3, 3, 3;
	setarray $@pvs_acls[16], 3, 4, 3, 3, 3, 3, 3, 3, 3, 4, 3, 3, 3, 0, 6, 7;
	setarray $@pvs_acls[32], 6, 7, 3, 3, 4, 6, 7, 6, 7, 6, 7, 6, 6, 7, 6, 6;
	setarray $@pvs_acls[48], 6, 6, 7, 6, 6, 6, 6, 6, 6, 6, 7, 6, 6, 6, 6, 6;
	setarray $@pvs_acls[64], 6, 0, 0, 0, 1, 0, 0, 0, 0, 0, 0, 1, 0, 0, 0, 0;
	setarray $@pvs_acls[80], 1, 0, 1, 0, 1, 0, 0, 1, 0, 0, 1, 0, 1, 0, 1, 0;
	setarray $@pvs_acls[96], 1, 0, 0, 0, 0, 0, 1, 0, 1, 0, 0, 0, 0, 0, 0, 0;
	setarray $@pvs_acls[112], 0, 0, 0, 0, 0, 0, 0, 0, 0, 1, 0, 0, 1, 0, 0, 0;
	setarray $@pvs_acls[128], 0, 0, 0, 0, 0, 0, 0, 0, 0, 0, 1, 0, 0, 1, 0, 1;
	setarray $@pvs_acls[144], 0, 1, 0, 0, 0, 0, 0, 0, 0, 0, 0, 0, 0, 1, 0, 1;
	setarray $@pvs_acls[160], 0, 0, 1, 0, 0, 0, 0, 0, 0, 0, 0, 0, 9, 9, 10, 10;
	setarray $@pvs_acls[176], 9, 10, 9, 9, 10, 9, 10, 9, 10, 10, 9, 9, 9, 9, 10, 9;
	setarray $@pvs_acls[192], 9, 9, 9, 9, 9, 9, 9, 9, 9, 9, 9, 9, 10, 9, 9, 9;
	setarray $@pvs_acls[208], 9, 9, 9, 9, 9, 10, 9, 9, 9, 9, 9, 9, 9, 9, 10, 9;
	setarray $@pvs_acls[224], 9, 9, 10, 9, 9, 10, 9, 9, 9, 9, 10, 9, 9, 9, 9, 9;
	setarray $@pvs_acls[240], 9, 9, 9, 9, 9, 9, 9, 10, 9, 10, 9, 9, 9, 9, 9, 9;
	setarray $@pvs_acls[256], 9, 10, 10, 9, 9, 9, 9, 9, 9, 9, 9, 9, 9, 9, 9, 9;
	setarray $@pvs_acls[272], 9, 9, 9, 9, 10, 9, 9, 9, 9, 10, 9, 9, 9, 9, 9, 9;
	setarray $@pvs_acls[288], 9, 9, 9, 9, 9, 9, 9, 10, 9, 9, 10, 10, 10, 9, 10, 10;
	setarray $@pvs_acls[304], 9, 10, 9, 9, 9, 9, 9, 9, 9, 9, 9, 9, 9, 10, 9, 10;
	setarray $@pvs_acls[320], 9, 10, 9, 9, 9, 10, 9, 9, 9, 9, 9, 9, 9, 9, 9, 9;
	setarray $@pvs_acls[336], 9, 9, 10, 9, 10, 9, 9, 9, 9, 9, 10, 9, 9, 10, 10, 10;
	setarray $@pvs_acls[352], 9, 9, 9, 9, 9, 9, 9, 9, 9, 9, 9, 9, 10, 9, 9, 9;
	setarray $@pvs_acls[368], 9, 9, 9, 9, 9, 10, 10, 9, 10, 9, 10, 10, 10, 10, 10, 9;
	setarray $@pvs_acls[384], 9, 9, 9, 9, 9, 10, 9, 9, 9, 9, 9, 9, 9, 9, 9, 9;
	setarray $@pvs_acls[400], 9, 9, 9, 9, 9, 9, 9, 9, 9, 9, 12, 12, 12, 12, 12, 12;
	setarray $@pvs_acls[416], 12, 12, 12, 12, 12, 12, 12, 12, 12, 12, 12, 12, 12, 12, 12, 12;
	setarray $@pvs_acls[432], 12, 12, 12, 12, 12, 12, 12, 12, 12, 12, 12, 12, 12, 12, 12, 12;
	setarray $@pvs_acls[448], 12, 12, 12, 12, 12, 12, 12, 12, 12, 12, 12, 12, 12, 12, 12, 12;
	setarray $@pvs_acls[464], 12, 12, 12, 12, 12, 12, 12, 12, 12, 12, 12, 12, 12, 12, 12, 12;
	setarray $@pvs_acls[480], 12, 12, 12, 12, 12, 12, 12, 12, 12, 12, 12, 12, 12, 12, 12, 12;
	setarray $@pvs_acls[496], 12, 12, 12, 12, 12, 12, 12, 12, 12, 12, 12, 12, 13, 12, 12, 12;
	setarray $@pvs_acls[512], 12, 12, 12, 12, 12, 12, 12, 12, 12, 12, 12, 12, 12, 12, 12, 12;
	setarray $@pvs_acls[528], 12, 12, 13, 13, 12, 12, 12, 12, 13, 12, 12, 12, 13, 12, 12, 12;
	setarray $@pvs_acls[544], 12, 12, 12, 12, 12, 12, 12, 12, 12, 12, 12, 12, 12, 12, 12, 12;
	setarray $@pvs_acls[560], 12, 12, 12, 12, 12, 12, 12, 12, 12, 12, 12, 13, 12, 12, 12, 12;
	setarray $@pvs_acls[576], 12, 12, 12, 12, 12, 12, 12, 12, 12, 12, 12, 12, 12, 12, 12, 12;
	setarray $@pvs_acls[592], 12, 12, 13, 13, 12, 12, 12, 12, 12, 12, 9, 9, 9, 10, 9, 9;
	setarray $@pvs_acls[608], 10, 9, 9, 9, 10, 9, 9, 9, 10, 10, 10, 10, 10, 9, 9, 10;
	setarray $@pvs_acls[624], 1, 0, 0, 0, 1, 0, 0, 0, 0, 0, 0, 0, 1, 0, 1, 0;
	setarray $@pvs_acls[640], 0, 0, 0, 0, 0, 1, 0, 0, 0, 0, 0, 1, 0, 0, 1, 0;
	setarray $@pvs_acls[656], 0, 0, 0, 0, 0, 1, 0, 0, 0, 0, 1, 0, 0, 0, 1, 0;
	setarray $@pvs_acls[672], 0, 0, 1, 0, 1, 0, 0, 0, 0, 0, 0, 0, 0, 0, 0, 0;
	setarray $@pvs_acls[688], 0, 1, 0, 0, 0, 0, 0, 0, 0, 0, 0, 0, 0, 0, 0, 0;
	setarray $@pvs_acls[704], 0, 0, 0, 0, 0, 0, 1, 1, 0, 1, 1, 0, 0, 0, 0, 0;
	setarray $@pvs_acls[720], 0, 0, 0, 0, 0, 0, 0, 0, 0, 1, 1, 0, 0, 0, 0, 0;
	setarray $@pvs_acls[736], 1, 0, 1, 0, 1, 0, 0, 0, 1, 0, 0, 0, 1, 1, 9, 9;
	setarray $@pvs_acls[752], 9, 10, 9, 10, 9, 9, 9, 9, 9, 0, 0, 0, 6, 6, 6, 0;
	setarray $@pvs_acls[768], 7, 6, 6, 6, 6, 6, 6, 9, 9, 9, 9, 9, 9, 9, 9, 9;
	setarray $@pvs_acls[784], 9, 9, 10, 9, 9, 9, 9, 9, 9, 9, 9, 9, 9, 9, 10, 9;
	setarray $@pvs_acls[800], 9, 9, 9, 9, 9, 9, 9, 9, 9, 9, 9, 9;
	setarray $@pvs_arate[0], 3237091, 11427, 2392744, 2744934, 2512, 780883, 3142499, 248990, 763517, 339214, 987, 192151, 241480, 148710, 323952, 56046;
	setarray $@pvs_arate[16], 16879, 3714, 74401, 188174, 258365, 469075, 154718, 376935, 196612, 1841, 145294, 464411, 531118, 355899, 40519, 3419;
	setarray $@pvs_arate[32], 27413, 497, 3360, 10684, 23, 14906, 10310, 172, 72, 1643, 191, 2243, 2816, 46, 3344, 9425;
	setarray $@pvs_arate[48], 2634, 2081, 73, 1598, 2495, 2795, 1987, 2308, 1392, 3633, 327, 2072, 944, 383, 2019, 92;
	setarray $@pvs_arate[64], 66023, 22555, 6562, 5718, 99, 6009, 310, 17622, 8283, 888215, 521, 32, 2672, 1753, 384780, 1247;
	setarray $@pvs_arate[80], 54, 592, 135520, 6102, 555, 6488, 35877, 136448, 9540, 7491, 15, 8099, 1270, 3200, 8108, 2500;
	setarray $@pvs_arate[96], 1622, 10142, 36606, 835, 6275, 390735, 385, 536834, 320, 855477, 134244, 1504333, 493815, 540662, 2493511, 1179098;
	setarray $@pvs_arate[112], 1298842, 237302, 819215, 1736848, 321411, 1022666, 1376233, 932433, 2242442, 600, 1869750, 3534751, 463971, 736933, 5916147, 2733683;
	setarray $@pvs_arate[128], 784255, 632597, 1835907, 1450534, 442507, 1676800, 708093, 538820, 62479, 676, 138, 11171, 75, 19, 121473, 7712;
	setarray $@pvs_arate[144], 137703, 7835, 32364, 67354, 808570, 2037, 8343, 422, 569836, 356837, 1097287, 1200264, 1703540, 600, 305638, 556;
	setarray $@pvs_arate[160], 259673, 434315, 4603, 155103, 1973118, 1547227, 285587, 205626, 1465943, 879315, 2429164, 173371, 67091, 1648, 70, 52;
	setarray $@pvs_arate[176], 215, 35, 619, 1154, 146, 67, 2, 27, 884, 306, 36, 13880, 3620, 4597, 122, 740;
	setarray $@pvs_arate[192], 1266, 16, 674, 201, 107, 136, 19, 282, 577, 590, 824, 293, 252, 353, 19, 5997;
	setarray $@pvs_arate[208], 1851, 19, 170, 1836, 2785, 530, 1685, 458, 361, 5720, 3951, 30, 1687, 2040, 1065, 1916;
	setarray $@pvs_arate[224], 47, 50, 57, 62, 576, 19, 40, 332, 152, 1188, 408, 518, 361, 1330, 1330, 665;
	setarray $@pvs_arate[240], 665, 475, 305, 2377, 111, 409, 27, 114, 1391, 15, 26, 38, 3826, 4190, 3918, 226;
	setarray $@pvs_arate[256], 27, 114, 1102, 55, 437, 433, 123, 212, 20, 314, 36, 376, 21, 691, 248, 1672;
	setarray $@pvs_arate[272], 799, 222, 433, 70505, 6776, 128, 184, 785, 7051, 3474, 259, 20, 5417, 68, 20352, 411;
	setarray $@pvs_arate[288], 226, 310, 37, 1318, 1628, 20, 398, 1426, 736, 152, 204, 823, 177, 104, 215, 306;
	setarray $@pvs_arate[304], 212, 8, 332, 676, 212, 5843, 4275, 1711, 500, 338, 78, 292, 3139, 119, 346, 19;
	setarray $@pvs_arate[320], 159, 186, 97, 433, 419, 1, 452, 1263, 272, 919, 366, 8681, 15744, 2122, 793, 86;
	setarray $@pvs_arate[336], 40, 959, 5704, 305, 37, 19, 654, 2892, 126, 80, 50, 178, 16563, 1102, 1949, 1058;
	setarray $@pvs_arate[352], 2040, 261, 299, 261, 332, 399, 40, 7281, 351, 4393, 263, 1925, 2070, 1081, 413, 1167;
	setarray $@pvs_arate[368], 217, 7010, 551, 1174, 918, 1380, 1459, 12278, 60, 97, 5, 1031, 61, 61, 77, 131;
	setarray $@pvs_arate[384], 130, 117, 166, 110, 174, 1111, 48399, 24978, 13, 136, 359, 53, 280, 4131, 1681, 234;
	setarray $@pvs_arate[400], 74, 58, 439, 64, 35, 30, 72, 63, 63, 52, 139, 96, 181, 21, 43, 41;
	setarray $@pvs_arate[416], 46, 26, 197, 64, 83, 61, 155, 23, 30, 70, 309, 15, 125, 44, 27, 81;
	setarray $@pvs_arate[432], 110, 69, 144, 152, 238, 139, 135, 99, 86, 89, 22, 39, 94, 83, 92, 47;
	setarray $@pvs_arate[448], 309, 44, 90, 160, 50, 43, 119, 160, 32, 115, 35, 9, 58, 118, 50, 46;
	setarray $@pvs_arate[464], 50, 95, 121, 104, 35, 112, 109, 111, 123, 97, 196, 70, 83, 38, 166, 104;
	setarray $@pvs_arate[480], 267, 101, 73, 51, 177, 68, 108, 40, 97, 62, 35, 81, 148, 66, 157, 59;
	setarray $@pvs_arate[496], 35, 67, 87, 359, 156, 17, 36, 56, 116, 32, 34, 38, 1, 19, 58, 332;
	setarray $@pvs_arate[512], 75, 122, 12, 41, 66, 281, 141, 50, 25, 30, 50, 87, 182, 10, 41, 33;
	setarray $@pvs_arate[528], 207, 75, 134, 57, 238, 31, 148, 44, 1, 62, 139, 42, 2, 33, 79, 82;
	setarray $@pvs_arate[544], 84, 42, 90, 50, 62, 56, 18, 38, 101, 50, 18, 53, 85, 138, 136, 106;
	setarray $@pvs_arate[560], 12, 139, 84, 125, 30, 69, 85, 28, 270, 118, 170, 3, 19, 19, 26, 274;
	setarray $@pvs_arate[576], 7, 62, 67, 219, 193, 59, 55, 90, 112, 130, 117, 84, 83, 155, 62, 46;
	setarray $@pvs_arate[592], 50, 111, 5, 69, 37, 109, 55, 26, 31, 30, 7, 35, 59, 2, 31, 3941;
	setarray $@pvs_arate[608], 418, 50, 50, 68, 15, 1412, 2901, 5203, 595, 494, 595, 595, 1845, 219, 3158, 4;
	setarray $@pvs_arate[624], 1386, 5989, 983356, 812655, 145141, 2391179, 396152, 135559, 663805, 1495, 157488, 12, 2, 337, 4, 209824;
	setarray $@pvs_arate[640], 98741, 1184116, 2496, 256106, 105992, 1775, 231612, 348764, 104841, 133426, 445555, 106097, 206386, 66314, 789087, 102261;
	setarray $@pvs_arate[656], 156167, 280725, 378705, 157485, 686833, 539138, 265768, 387131, 565354, 535938, 22017, 135796, 61680, 93001, 154657, 229380;
	setarray $@pvs_arate[672], 306952, 281869, 275573, 393761, 4758, 901832, 36096, 498016, 123909, 492320, 82625, 133634, 223870, 173276, 41103, 340842;
	setarray $@pvs_arate[688], 360572, 822, 288163, 83134, 9220, 43162, 65417, 32191, 24811, 58130, 54151, 94138, 66184, 34574, 266945, 71545;
	setarray $@pvs_arate[704], 5438, 20869, 282413, 71570, 3200, 37334, 225, 2621, 555, 225, 1800, 2193148, 1073097, 618186, 285983, 49208;
	setarray $@pvs_arate[720], 1201953, 1262, 1139, 1139, 1139, 26554, 37934, 30347, 14010, 13803, 4615, 407, 55358, 60167, 65135, 855;
	setarray $@pvs_arate[736], 3, 444438, 823, 507441, 399303, 229940, 876001, 333076, 247520, 286336, 479352, 733840, 215814, 71938, 91, 9230;
	setarray $@pvs_arate[752], 415, 1, 1510, 8, 991, 419, 1485, 749, 2079, 3763, 9528, 22217, 2749, 5442, 3991, 301431;
	setarray $@pvs_arate[768], 35506, 36845, 10452, 9138, 50, 916, 21, 5, 265, 311, 92, 96, 189, 92, 207, 461;
	setarray $@pvs_arate[784], 250, 1780, 757, 373, 150, 520, 1352, 45, 664, 581, 126, 301, 379, 1, 16, 31;
	setarray $@pvs_arate[800], 759, 301, 228, 1104, 609, 191, 191, 137, 367, 827, 150, 19;
	$@pvs_gcount = 812; $@pvs_acount = 812;
	// Maps: name, monster level, kills an hour its spawns allow, weight, and
	// where its yields start and how many (item, rate class, millionths of
	// one per party-hour at $@pvs_party_kills kills).
	deletearray $@pvs_map$; deletearray $@pvs_mlv; deletearray $@pvs_mcap; deletearray $@pvs_mw;
	deletearray $@pvs_mstart; deletearray $@pvs_mlen; deletearray $@pvs_yitem; deletearray $@pvs_ycls; deletearray $@pvs_yrate;
	$@pvs_map$[0] = "abbey01"; $@pvs_mlv[0] = 68; $@pvs_mcap[0] = 30960; $@pvs_mw[0] = 3; $@pvs_mstart[0] = 0; $@pvs_mlen[0] = 16;
	$@pvs_map$[1] = "abbey02"; $@pvs_mlv[1] = 76; $@pvs_mcap[1] = 20453; $@pvs_mw[1] = 3; $@pvs_mstart[1] = 16; $@pvs_mlen[1] = 10;
	$@pvs_map$[2] = "abbey03"; $@pvs_mlv[2] = 80; $@pvs_mcap[2] = 13800; $@pvs_mw[2] = 3; $@pvs_mstart[2] = 26; $@pvs_mlen[2] = 9;
	$@pvs_map$[3] = "abyss_01"; $@pvs_mlv[3] = 62; $@pvs_mcap[3] = 6612; $@pvs_mw[3] = 3; $@pvs_mstart[3] = 35; $@pvs_mlen[3] = 25;
	$@pvs_map$[4] = "abyss_02"; $@pvs_mlv[4] = 69; $@pvs_mcap[4] = 2551; $@pvs_mw[4] = 3; $@pvs_mstart[4] = 60; $@pvs_mlen[4] = 25;
	$@pvs_map$[5] = "abyss_03"; $@pvs_mlv[5] = 73; $@pvs_mcap[5] = 908; $@pvs_mw[5] = 3; $@pvs_mstart[5] = 85; $@pvs_mlen[5] = 29;
	$@pvs_map$[6] = "alde_dun01"; $@pvs_mlv[6] = 43; $@pvs_mcap[6] = 10800; $@pvs_mw[6] = 3; $@pvs_mstart[6] = 114; $@pvs_mlen[6] = 10;
	$@pvs_map$[7] = "alde_dun02"; $@pvs_mlv[7] = 52; $@pvs_mcap[7] = 13200; $@pvs_mw[7] = 3; $@pvs_mstart[7] = 124; $@pvs_mlen[7] = 17;
	$@pvs_map$[8] = "alde_dun03"; $@pvs_mlv[8] = 47; $@pvs_mcap[8] = 6880; $@pvs_mw[8] = 3; $@pvs_mstart[8] = 141; $@pvs_mlen[8] = 17;
	$@pvs_map$[9] = "alde_dun04"; $@pvs_mlv[9] = 46; $@pvs_mcap[9] = 8402; $@pvs_mw[9] = 3; $@pvs_mstart[9] = 158; $@pvs_mlen[9] = 24;
	$@pvs_map$[10] = "ama_dun01"; $@pvs_mlv[10] = 39; $@pvs_mcap[10] = 13228; $@pvs_mw[10] = 3; $@pvs_mstart[10] = 182; $@pvs_mlen[10] = 17;
	$@pvs_map$[11] = "ama_dun02"; $@pvs_mlv[11] = 45; $@pvs_mcap[11] = 2522; $@pvs_mw[11] = 3; $@pvs_mstart[11] = 199; $@pvs_mlen[11] = 31;
	$@pvs_map$[12] = "ama_dun03"; $@pvs_mlv[12] = 62; $@pvs_mcap[12] = 4176; $@pvs_mw[12] = 3; $@pvs_mstart[12] = 230; $@pvs_mlen[12] = 31;
	$@pvs_map$[13] = "ama_fild01"; $@pvs_mlv[13] = 33; $@pvs_mcap[13] = 9665; $@pvs_mw[13] = 1; $@pvs_mstart[13] = 261; $@pvs_mlen[13] = 28;
	$@pvs_map$[14] = "anthell01"; $@pvs_mlv[14] = 15; $@pvs_mcap[14] = 19303; $@pvs_mw[14] = 3; $@pvs_mstart[14] = 289; $@pvs_mlen[14] = 24;
	$@pvs_map$[15] = "anthell02"; $@pvs_mlv[15] = 17; $@pvs_mcap[15] = 17760; $@pvs_mw[15] = 3; $@pvs_mstart[15] = 313; $@pvs_mlen[15] = 18;
	$@pvs_map$[16] = "arug_dun01"; $@pvs_mlv[16] = 74; $@pvs_mcap[16] = 10920; $@pvs_mw[16] = 3; $@pvs_mstart[16] = 331; $@pvs_mlen[16] = 16;
	$@pvs_map$[17] = "ayo_dun01"; $@pvs_mlv[17] = 39; $@pvs_mcap[17] = 13200; $@pvs_mw[17] = 3; $@pvs_mstart[17] = 347; $@pvs_mlen[17] = 14;
	$@pvs_map$[18] = "ayo_dun02"; $@pvs_mlv[18] = 49; $@pvs_mcap[18] = 16800; $@pvs_mw[18] = 3; $@pvs_mstart[18] = 361; $@pvs_mlen[18] = 6;
	$@pvs_map$[19] = "ayo_fild01"; $@pvs_mlv[19] = 19; $@pvs_mcap[19] = 12002; $@pvs_mw[19] = 3; $@pvs_mstart[19] = 367; $@pvs_mlen[19] = 20;
	$@pvs_map$[20] = "ayo_fild02"; $@pvs_mlv[20] = 36; $@pvs_mcap[20] = 13200; $@pvs_mw[20] = 1; $@pvs_mstart[20] = 387; $@pvs_mlen[20] = 13;
	$@pvs_map$[21] = "beach_dun"; $@pvs_mlv[21] = 63; $@pvs_mcap[21] = 12254; $@pvs_mw[21] = 3; $@pvs_mstart[21] = 400; $@pvs_mlen[21] = 19;
	$@pvs_map$[22] = "beach_dun2"; $@pvs_mlv[22] = 50; $@pvs_mcap[22] = 13286; $@pvs_mw[22] = 3; $@pvs_mstart[22] = 419; $@pvs_mlen[22] = 16;
	$@pvs_map$[23] = "beach_dun3"; $@pvs_mlv[23] = 22; $@pvs_mcap[23] = 13213; $@pvs_mw[23] = 3; $@pvs_mstart[23] = 435; $@pvs_mlen[23] = 20;
	$@pvs_map$[24] = "bra_dun01"; $@pvs_mlv[24] = 72; $@pvs_mcap[24] = 19684; $@pvs_mw[24] = 3; $@pvs_mstart[24] = 455; $@pvs_mlen[24] = 15;
	$@pvs_map$[25] = "bra_dun02"; $@pvs_mlv[25] = 72; $@pvs_mcap[25] = 25855; $@pvs_mw[25] = 3; $@pvs_mstart[25] = 470; $@pvs_mlen[25] = 15;
	$@pvs_map$[26] = "bra_fild01"; $@pvs_mlv[26] = 62; $@pvs_mcap[26] = 18537; $@pvs_mw[26] = 1; $@pvs_mstart[26] = 485; $@pvs_mlen[26] = 27;
	$@pvs_map$[27] = "c_tower1"; $@pvs_mlv[27] = 55; $@pvs_mcap[27] = 17040; $@pvs_mw[27] = 3; $@pvs_mstart[27] = 512; $@pvs_mlen[27] = 18;
	$@pvs_map$[28] = "c_tower2"; $@pvs_mlv[28] = 57; $@pvs_mcap[28] = 11014; $@pvs_mw[28] = 3; $@pvs_mstart[28] = 530; $@pvs_mlen[28] = 28;
	$@pvs_map$[29] = "c_tower3"; $@pvs_mlv[29] = 58; $@pvs_mcap[29] = 11417; $@pvs_mw[29] = 3; $@pvs_mstart[29] = 558; $@pvs_mlen[29] = 22;
	$@pvs_map$[30] = "c_tower4"; $@pvs_mlv[30] = 61; $@pvs_mcap[30] = 12156; $@pvs_mw[30] = 3; $@pvs_mstart[30] = 580; $@pvs_mlen[30] = 42;
	$@pvs_map$[31] = "cmd_fild01"; $@pvs_mlv[31] = 33; $@pvs_mcap[31] = 16819; $@pvs_mw[31] = 3; $@pvs_mstart[31] = 622; $@pvs_mlen[31] = 30;
	$@pvs_map$[32] = "cmd_fild02"; $@pvs_mlv[32] = 31; $@pvs_mcap[32] = 17966; $@pvs_mw[32] = 3; $@pvs_mstart[32] = 652; $@pvs_mlen[32] = 18;
	$@pvs_map$[33] = "cmd_fild03"; $@pvs_mlv[33] = 54; $@pvs_mcap[33] = 15726; $@pvs_mw[33] = 3; $@pvs_mstart[33] = 670; $@pvs_mlen[33] = 27;
	$@pvs_map$[34] = "cmd_fild04"; $@pvs_mlv[34] = 29; $@pvs_mcap[34] = 19800; $@pvs_mw[34] = 3; $@pvs_mstart[34] = 697; $@pvs_mlen[34] = 13;
	$@pvs_map$[35] = "cmd_fild05"; $@pvs_mlv[35] = 32; $@pvs_mcap[35] = 10219; $@pvs_mw[35] = 1; $@pvs_mstart[35] = 710; $@pvs_mlen[35] = 29;
	$@pvs_map$[36] = "cmd_fild06"; $@pvs_mlv[36] = 28; $@pvs_mcap[36] = 7060; $@pvs_mw[36] = 1; $@pvs_mstart[36] = 739; $@pvs_mlen[36] = 15;
	$@pvs_map$[37] = "cmd_fild07"; $@pvs_mlv[37] = 15; $@pvs_mcap[37] = 3114; $@pvs_mw[37] = 1; $@pvs_mstart[37] = 754; $@pvs_mlen[37] = 10;
	$@pvs_map$[38] = "cmd_fild08"; $@pvs_mlv[38] = 33; $@pvs_mcap[38] = 17016; $@pvs_mw[38] = 1; $@pvs_mstart[38] = 764; $@pvs_mlen[38] = 27;
	$@pvs_map$[39] = "cmd_fild09"; $@pvs_mlv[39] = 18; $@pvs_mcap[39] = 14500; $@pvs_mw[39] = 1; $@pvs_mstart[39] = 791; $@pvs_mlen[39] = 24;
	$@pvs_map$[40] = "ein_dun01"; $@pvs_mlv[40] = 38; $@pvs_mcap[40] = 12439; $@pvs_mw[40] = 3; $@pvs_mstart[40] = 815; $@pvs_mlen[40] = 14;
	$@pvs_map$[41] = "ein_dun02"; $@pvs_mlv[41] = 60; $@pvs_mcap[41] = 6391; $@pvs_mw[41] = 3; $@pvs_mstart[41] = 829; $@pvs_mlen[41] = 14;
	$@pvs_map$[42] = "ein_fild01"; $@pvs_mlv[42] = 53; $@pvs_mcap[42] = 11500; $@pvs_mw[42] = 3; $@pvs_mstart[42] = 843; $@pvs_mlen[42] = 2;
	$@pvs_map$[43] = "ein_fild02"; $@pvs_mlv[43] = 54; $@pvs_mcap[43] = 9000; $@pvs_mw[43] = 1; $@pvs_mstart[43] = 845; $@pvs_mlen[43] = 3;
	$@pvs_map$[44] = "ein_fild03"; $@pvs_mlv[44] = 29; $@pvs_mcap[44] = 12343; $@pvs_mw[44] = 1; $@pvs_mstart[44] = 848; $@pvs_mlen[44] = 32;
	$@pvs_map$[45] = "ein_fild04"; $@pvs_mlv[45] = 33; $@pvs_mcap[45] = 12182; $@pvs_mw[45] = 3; $@pvs_mstart[45] = 880; $@pvs_mlen[45] = 32;
	$@pvs_map$[46] = "ein_fild05"; $@pvs_mlv[46] = 45; $@pvs_mcap[46] = 6253; $@pvs_mw[46] = 1; $@pvs_mstart[46] = 912; $@pvs_mlen[46] = 11;
	$@pvs_map$[47] = "ein_fild06"; $@pvs_mlv[47] = 53; $@pvs_mcap[47] = 8309; $@pvs_mw[47] = 3; $@pvs_mstart[47] = 923; $@pvs_mlen[47] = 21;
	$@pvs_map$[48] = "ein_fild07"; $@pvs_mlv[48] = 22; $@pvs_mcap[48] = 19800; $@pvs_mw[48] = 1; $@pvs_mstart[48] = 944; $@pvs_mlen[48] = 37;
	$@pvs_map$[49] = "ein_fild08"; $@pvs_mlv[49] = 13; $@pvs_mcap[49] = 17400; $@pvs_mw[49] = 1; $@pvs_mstart[49] = 981; $@pvs_mlen[49] = 31;
	$@pvs_map$[50] = "ein_fild09"; $@pvs_mlv[50] = 21; $@pvs_mcap[50] = 12660; $@pvs_mw[50] = 1; $@pvs_mstart[50] = 1012; $@pvs_mlen[50] = 31;
	$@pvs_map$[51] = "ein_fild10"; $@pvs_mlv[51] = 20; $@pvs_mcap[51] = 5831; $@pvs_mw[51] = 1; $@pvs_mstart[51] = 1043; $@pvs_mlen[51] = 25;
	$@pvs_map$[52] = "gef_dun00"; $@pvs_mlv[52] = 30; $@pvs_mcap[52] = 6091; $@pvs_mw[52] = 3; $@pvs_mstart[52] = 1068; $@pvs_mlen[52] = 31;
	$@pvs_map$[53] = "gef_dun01"; $@pvs_mlv[53] = 34; $@pvs_mcap[53] = 14402; $@pvs_mw[53] = 3; $@pvs_mstart[53] = 1099; $@pvs_mlen[53] = 33;
	$@pvs_map$[54] = "gef_dun02"; $@pvs_mlv[54] = 42; $@pvs_mcap[54] = 13173; $@pvs_mw[54] = 3; $@pvs_mstart[54] = 1132; $@pvs_mlen[54] = 34;
	$@pvs_map$[55] = "gef_dun03"; $@pvs_mlv[55] = 46; $@pvs_mcap[55] = 596; $@pvs_mw[55] = 3; $@pvs_mstart[55] = 1166; $@pvs_mlen[55] = 20;
	$@pvs_map$[56] = "gef_fild00"; $@pvs_mlv[56] = 2; $@pvs_mcap[56] = 15651; $@pvs_mw[56] = 1; $@pvs_mstart[56] = 1186; $@pvs_mlen[56] = 20;
	$@pvs_map$[57] = "gef_fild01"; $@pvs_mlv[57] = 6; $@pvs_mcap[57] = 8438; $@pvs_mw[57] = 1; $@pvs_mstart[57] = 1206; $@pvs_mlen[57] = 14;
	$@pvs_map$[58] = "gef_fild02"; $@pvs_mlv[58] = 21; $@pvs_mcap[58] = 11049; $@pvs_mw[58] = 1; $@pvs_mstart[58] = 1220; $@pvs_mlen[58] = 34;
	$@pvs_map$[59] = "gef_fild03"; $@pvs_mlv[59] = 23; $@pvs_mcap[59] = 14816; $@pvs_mw[59] = 1; $@pvs_mstart[59] = 1254; $@pvs_mlen[59] = 20;
	$@pvs_map$[60] = "gef_fild04"; $@pvs_mlv[60] = 3; $@pvs_mcap[60] = 19245; $@pvs_mw[60] = 1; $@pvs_mstart[60] = 1274; $@pvs_mlen[60] = 20;
	$@pvs_map$[61] = "gef_fild05"; $@pvs_mlv[61] = 28; $@pvs_mcap[61] = 14612; $@pvs_mw[61] = 1; $@pvs_mstart[61] = 1294; $@pvs_mlen[61] = 16;
	$@pvs_map$[62] = "gef_fild06"; $@pvs_mlv[62] = 36; $@pvs_mcap[62] = 14406; $@pvs_mw[62] = 1; $@pvs_mstart[62] = 1310; $@pvs_mlen[62] = 26;
	$@pvs_map$[63] = "gef_fild07"; $@pvs_mlv[63] = 2; $@pvs_mcap[63] = 14450; $@pvs_mw[63] = 1; $@pvs_mstart[63] = 1336; $@pvs_mlen[63] = 27;
	$@pvs_map$[64] = "gef_fild08"; $@pvs_mlv[64] = 27; $@pvs_mcap[64] = 19225; $@pvs_mw[64] = 3; $@pvs_mstart[64] = 1363; $@pvs_mlen[64] = 22;
	$@pvs_map$[65] = "gef_fild09"; $@pvs_mlv[65] = 13; $@pvs_mcap[65] = 9751; $@pvs_mw[65] = 1; $@pvs_mstart[65] = 1385; $@pvs_mlen[65] = 20;
	$@pvs_map$[66] = "gef_fild10"; $@pvs_mlv[66] = 28; $@pvs_mcap[66] = 13241; $@pvs_mw[66] = 3; $@pvs_mstart[66] = 1405; $@pvs_mlen[66] = 22;
	$@pvs_map$[67] = "gef_fild11"; $@pvs_mlv[67] = 23; $@pvs_mcap[67] = 18759; $@pvs_mw[67] = 1; $@pvs_mstart[67] = 1427; $@pvs_mlen[67] = 16;
	$@pvs_map$[68] = "gef_fild12"; $@pvs_mlv[68] = 32; $@pvs_mcap[68] = 16801; $@pvs_mw[68] = 1; $@pvs_mstart[68] = 1443; $@pvs_mlen[68] = 17;
	$@pvs_map$[69] = "gef_fild13"; $@pvs_mlv[69] = 15; $@pvs_mcap[69] = 10800; $@pvs_mw[69] = 1; $@pvs_mstart[69] = 1460; $@pvs_mlen[69] = 14;
	$@pvs_map$[70] = "gef_fild14"; $@pvs_mlv[70] = 46; $@pvs_mcap[70] = 15600; $@pvs_mw[70] = 3; $@pvs_mstart[70] = 1474; $@pvs_mlen[70] = 13;
	$@pvs_map$[71] = "gefenia01"; $@pvs_mlv[71] = 71; $@pvs_mcap[71] = 16801; $@pvs_mw[71] = 3; $@pvs_mstart[71] = 1487; $@pvs_mlen[71] = 40;
	$@pvs_map$[72] = "gefenia02"; $@pvs_mlv[72] = 73; $@pvs_mcap[72] = 16801; $@pvs_mw[72] = 3; $@pvs_mstart[72] = 1527; $@pvs_mlen[72] = 40;
	$@pvs_map$[73] = "gefenia03"; $@pvs_mlv[73] = 72; $@pvs_mcap[73] = 18001; $@pvs_mw[73] = 3; $@pvs_mstart[73] = 1567; $@pvs_mlen[73] = 40;
	$@pvs_map$[74] = "gefenia04"; $@pvs_mlv[74] = 72; $@pvs_mcap[74] = 10893; $@pvs_mw[74] = 3; $@pvs_mstart[74] = 1607; $@pvs_mlen[74] = 40;
	$@pvs_map$[75] = "gl_cas01"; $@pvs_mlv[75] = 56; $@pvs_mcap[75] = 15840; $@pvs_mw[75] = 3; $@pvs_mstart[75] = 1647; $@pvs_mlen[75] = 37;
	$@pvs_map$[76] = "gl_cas02"; $@pvs_mlv[76] = 61; $@pvs_mcap[76] = 12459; $@pvs_mw[76] = 3; $@pvs_mstart[76] = 1684; $@pvs_mlen[76] = 50;
	$@pvs_map$[77] = "gl_church"; $@pvs_mlv[77] = 50; $@pvs_mcap[77] = 14576; $@pvs_mw[77] = 3; $@pvs_mstart[77] = 1734; $@pvs_mlen[77] = 18;
	$@pvs_map$[78] = "gl_chyard"; $@pvs_mlv[78] = 43; $@pvs_mcap[78] = 13920; $@pvs_mw[78] = 3; $@pvs_mstart[78] = 1752; $@pvs_mlen[78] = 21;
	$@pvs_map$[79] = "gl_dun01"; $@pvs_mlv[79] = 60; $@pvs_mcap[79] = 10800; $@pvs_mw[79] = 3; $@pvs_mstart[79] = 1773; $@pvs_mlen[79] = 7;
	$@pvs_map$[80] = "gl_dun02"; $@pvs_mlv[80] = 62; $@pvs_mcap[80] = 7200; $@pvs_mw[80] = 3; $@pvs_mstart[80] = 1780; $@pvs_mlen[80] = 9;
	$@pvs_map$[81] = "gl_in01"; $@pvs_mlv[81] = 49; $@pvs_mcap[81] = 6480; $@pvs_mw[81] = 3; $@pvs_mstart[81] = 1789; $@pvs_mlen[81] = 30;
	$@pvs_map$[82] = "gl_knt01"; $@pvs_mlv[82] = 55; $@pvs_mcap[82] = 12550; $@pvs_mw[82] = 3; $@pvs_mstart[82] = 1819; $@pvs_mlen[82] = 36;
	$@pvs_map$[83] = "gl_knt02"; $@pvs_mlv[83] = 58; $@pvs_mcap[83] = 12739; $@pvs_mw[83] = 3; $@pvs_mstart[83] = 1855; $@pvs_mlen[83] = 27;
	$@pvs_map$[84] = "gl_prison"; $@pvs_mlv[84] = 55; $@pvs_mcap[84] = 9000; $@pvs_mw[84] = 3; $@pvs_mstart[84] = 1882; $@pvs_mlen[84] = 14;
	$@pvs_map$[85] = "gl_prison1"; $@pvs_mlv[85] = 55; $@pvs_mcap[85] = 12601; $@pvs_mw[85] = 3; $@pvs_mstart[85] = 1896; $@pvs_mlen[85] = 21;
	$@pvs_map$[86] = "gl_sew01"; $@pvs_mlv[86] = 42; $@pvs_mcap[86] = 9600; $@pvs_mw[86] = 3; $@pvs_mstart[86] = 1917; $@pvs_mlen[86] = 11;
	$@pvs_map$[87] = "gl_sew02"; $@pvs_mlv[87] = 50; $@pvs_mcap[87] = 8400; $@pvs_mw[87] = 3; $@pvs_mstart[87] = 1928; $@pvs_mlen[87] = 9;
	$@pvs_map$[88] = "gl_sew03"; $@pvs_mlv[88] = 56; $@pvs_mcap[88] = 12843; $@pvs_mw[88] = 3; $@pvs_mstart[88] = 1937; $@pvs_mlen[88] = 7;
	$@pvs_map$[89] = "gl_sew04"; $@pvs_mlv[89] = 56; $@pvs_mcap[89] = 6000; $@pvs_mw[89] = 3; $@pvs_mstart[89] = 1944; $@pvs_mlen[89] = 15;
	$@pvs_map$[90] = "gl_step"; $@pvs_mlv[90] = 51; $@pvs_mcap[90] = 3771; $@pvs_mw[90] = 3; $@pvs_mstart[90] = 1959; $@pvs_mlen[90] = 10;
	$@pvs_map$[91] = "glast_01"; $@pvs_mlv[91] = 42; $@pvs_mcap[91] = 1277; $@pvs_mw[91] = 3; $@pvs_mstart[91] = 1969; $@pvs_mlen[91] = 27;
	$@pvs_map$[92] = "gld_dun01"; $@pvs_mlv[92] = 64; $@pvs_mcap[92] = 4809; $@pvs_mw[92] = 1; $@pvs_mstart[92] = 1996; $@pvs_mlen[92] = 21;
	$@pvs_map$[93] = "gld_dun02"; $@pvs_mlv[93] = 59; $@pvs_mcap[93] = 869; $@pvs_mw[93] = 1; $@pvs_mstart[93] = 2017; $@pvs_mlen[93] = 19;
	$@pvs_map$[94] = "gld_dun03"; $@pvs_mlv[94] = 62; $@pvs_mcap[94] = 8407; $@pvs_mw[94] = 1; $@pvs_mstart[94] = 2036; $@pvs_mlen[94] = 18;
	$@pvs_map$[95] = "gld_dun04"; $@pvs_mlv[95] = 67; $@pvs_mcap[95] = 7203; $@pvs_mw[95] = 1; $@pvs_mstart[95] = 2054; $@pvs_mlen[95] = 21;
	$@pvs_map$[96] = "gon_dun01"; $@pvs_mlv[96] = 45; $@pvs_mcap[96] = 11032; $@pvs_mw[96] = 3; $@pvs_mstart[96] = 2075; $@pvs_mlen[96] = 20;
	$@pvs_map$[97] = "gon_dun02"; $@pvs_mlv[97] = 50; $@pvs_mcap[97] = 5593; $@pvs_mw[97] = 3; $@pvs_mstart[97] = 2095; $@pvs_mlen[97] = 22;
	$@pvs_map$[98] = "gon_dun03"; $@pvs_mlv[98] = 57; $@pvs_mcap[98] = 5123; $@pvs_mw[98] = 3; $@pvs_mstart[98] = 2117; $@pvs_mlen[98] = 17;
	$@pvs_map$[99] = "gon_fild01"; $@pvs_mlv[99] = 30; $@pvs_mcap[99] = 9313; $@pvs_mw[99] = 1; $@pvs_mstart[99] = 2134; $@pvs_mlen[99] = 30;
	$@pvs_map$[100] = "hu_fild01"; $@pvs_mlv[100] = 53; $@pvs_mcap[100] = 498; $@pvs_mw[100] = 1; $@pvs_mstart[100] = 2164; $@pvs_mlen[100] = 14;
	$@pvs_map$[101] = "hu_fild02"; $@pvs_mlv[101] = 41; $@pvs_mcap[101] = 12203; $@pvs_mw[101] = 1; $@pvs_mstart[101] = 2178; $@pvs_mlen[101] = 16;
	$@pvs_map$[102] = "hu_fild03"; $@pvs_mlv[102] = 43; $@pvs_mcap[102] = 15818; $@pvs_mw[102] = 1; $@pvs_mstart[102] = 2194; $@pvs_mlen[102] = 17;
	$@pvs_map$[103] = "hu_fild04"; $@pvs_mlv[103] = 44; $@pvs_mcap[103] = 23021; $@pvs_mw[103] = 1; $@pvs_mstart[103] = 2211; $@pvs_mlen[103] = 33;
	$@pvs_map$[104] = "hu_fild05"; $@pvs_mlv[104] = 41; $@pvs_mcap[104] = 15006; $@pvs_mw[104] = 1; $@pvs_mstart[104] = 2244; $@pvs_mlen[104] = 17;
	$@pvs_map$[105] = "hu_fild06"; $@pvs_mlv[105] = 28; $@pvs_mcap[105] = 12114; $@pvs_mw[105] = 1; $@pvs_mstart[105] = 2261; $@pvs_mlen[105] = 29;
	$@pvs_map$[106] = "hu_fild07"; $@pvs_mlv[106] = 44; $@pvs_mcap[106] = 24141; $@pvs_mw[106] = 1; $@pvs_mstart[106] = 2290; $@pvs_mlen[106] = 30;
	$@pvs_map$[107] = "ice_dun01"; $@pvs_mlv[107] = 42; $@pvs_mcap[107] = 10440; $@pvs_mw[107] = 3; $@pvs_mstart[107] = 2320; $@pvs_mlen[107] = 14;
	$@pvs_map$[108] = "ice_dun02"; $@pvs_mlv[108] = 53; $@pvs_mcap[108] = 13097; $@pvs_mw[108] = 3; $@pvs_mstart[108] = 2334; $@pvs_mlen[108] = 12;
	$@pvs_map$[109] = "ice_dun03"; $@pvs_mlv[109] = 54; $@pvs_mcap[109] = 4755; $@pvs_mw[109] = 3; $@pvs_mstart[109] = 2346; $@pvs_mlen[109] = 11;
	$@pvs_map$[110] = "in_sphinx1"; $@pvs_mlv[110] = 27; $@pvs_mcap[110] = 10800; $@pvs_mw[110] = 3; $@pvs_mstart[110] = 2357; $@pvs_mlen[110] = 19;
	$@pvs_map$[111] = "in_sphinx2"; $@pvs_mlv[111] = 29; $@pvs_mcap[111] = 16200; $@pvs_mw[111] = 3; $@pvs_mstart[111] = 2376; $@pvs_mlen[111] = 19;
	$@pvs_map$[112] = "in_sphinx3"; $@pvs_mlv[112] = 40; $@pvs_mcap[112] = 10223; $@pvs_mw[112] = 3; $@pvs_mstart[112] = 2395; $@pvs_mlen[112] = 18;
	$@pvs_map$[113] = "in_sphinx4"; $@pvs_mlv[113] = 58; $@pvs_mcap[113] = 10218; $@pvs_mw[113] = 3; $@pvs_mstart[113] = 2413; $@pvs_mlen[113] = 20;
	$@pvs_map$[114] = "in_sphinx5"; $@pvs_mlv[114] = 56; $@pvs_mcap[114] = 13232; $@pvs_mw[114] = 3; $@pvs_mstart[114] = 2433; $@pvs_mlen[114] = 25;
	$@pvs_map$[115] = "iz_dun00"; $@pvs_mlv[115] = 14; $@pvs_mcap[115] = 18671; $@pvs_mw[115] = 3; $@pvs_mstart[115] = 2458; $@pvs_mlen[115] = 13;
	$@pvs_map$[116] = "iz_dun01"; $@pvs_mlv[116] = 16; $@pvs_mcap[116] = 20075; $@pvs_mw[116] = 3; $@pvs_mstart[116] = 2471; $@pvs_mlen[116] = 13;
	$@pvs_map$[117] = "iz_dun02"; $@pvs_mlv[117] = 26; $@pvs_mcap[117] = 21813; $@pvs_mw[117] = 3; $@pvs_mstart[117] = 2484; $@pvs_mlen[117] = 20;
	$@pvs_map$[118] = "iz_dun03"; $@pvs_mlv[118] = 29; $@pvs_mcap[118] = 18867; $@pvs_mw[118] = 3; $@pvs_mstart[118] = 2504; $@pvs_mlen[118] = 21;
	$@pvs_map$[119] = "iz_dun04"; $@pvs_mlv[119] = 47; $@pvs_mcap[119] = 8180; $@pvs_mw[119] = 3; $@pvs_mstart[119] = 2525; $@pvs_mlen[119] = 18;
	$@pvs_map$[120] = "jupe_core"; $@pvs_mlv[120] = 80; $@pvs_mcap[120] = 33000; $@pvs_mw[120] = 3; $@pvs_mstart[120] = 2543; $@pvs_mlen[120] = 22;
	$@pvs_map$[121] = "juperos_01"; $@pvs_mlv[121] = 77; $@pvs_mcap[121] = 5276; $@pvs_mw[121] = 3; $@pvs_mstart[121] = 2565; $@pvs_mlen[121] = 21;
	$@pvs_map$[122] = "juperos_02"; $@pvs_mlv[122] = 74; $@pvs_mcap[122] = 37800; $@pvs_mw[122] = 3; $@pvs_mstart[122] = 2586; $@pvs_mlen[122] = 16;
	$@pvs_map$[123] = "kh_dun01"; $@pvs_mlv[123] = 65; $@pvs_mcap[123] = 1985; $@pvs_mw[123] = 3; $@pvs_mstart[123] = 2602; $@pvs_mlen[123] = 22;
	$@pvs_map$[124] = "kh_dun02"; $@pvs_mlv[124] = 70; $@pvs_mcap[124] = 8422; $@pvs_mw[124] = 3; $@pvs_mstart[124] = 2624; $@pvs_mlen[124] = 16;
	$@pvs_map$[125] = "kh_kiehl01"; $@pvs_mlv[125] = 67; $@pvs_mcap[125] = 1467; $@pvs_mw[125] = 3; $@pvs_mstart[125] = 2640; $@pvs_mlen[125] = 14;
	$@pvs_map$[126] = "lhz_dun01"; $@pvs_mlv[126] = 43; $@pvs_mcap[126] = 27314; $@pvs_mw[126] = 3; $@pvs_mstart[126] = 2654; $@pvs_mlen[126] = 34;
	$@pvs_map$[127] = "lhz_dun02"; $@pvs_mlv[127] = 61; $@pvs_mcap[127] = 21131; $@pvs_mw[127] = 3; $@pvs_mstart[127] = 2688; $@pvs_mlen[127] = 30;
	$@pvs_map$[128] = "lhz_dun03"; $@pvs_mlv[128] = 87; $@pvs_mcap[128] = 9110; $@pvs_mw[128] = 3; $@pvs_mstart[128] = 2718; $@pvs_mlen[128] = 21;
	$@pvs_map$[129] = "lhz_fild01"; $@pvs_mlv[129] = 26; $@pvs_mcap[129] = 15429; $@pvs_mw[129] = 3; $@pvs_mstart[129] = 2739; $@pvs_mlen[129] = 24;
	$@pvs_map$[130] = "lhz_fild02"; $@pvs_mlv[130] = 23; $@pvs_mcap[130] = 14229; $@pvs_mw[130] = 1; $@pvs_mstart[130] = 2763; $@pvs_mlen[130] = 28;
	$@pvs_map$[131] = "lhz_fild03"; $@pvs_mlv[131] = 26; $@pvs_mcap[131] = 11171; $@pvs_mw[131] = 1; $@pvs_mstart[131] = 2791; $@pvs_mlen[131] = 31;
	$@pvs_map$[132] = "lou_dun01"; $@pvs_mlv[132] = 48; $@pvs_mcap[132] = 9332; $@pvs_mw[132] = 3; $@pvs_mstart[132] = 2822; $@pvs_mlen[132] = 32;
	$@pvs_map$[133] = "lou_dun02"; $@pvs_mlv[133] = 47; $@pvs_mcap[133] = 4569; $@pvs_mw[133] = 3; $@pvs_mstart[133] = 2854; $@pvs_mlen[133] = 14;
	$@pvs_map$[134] = "lou_dun03"; $@pvs_mlv[134] = 57; $@pvs_mcap[134] = 2805; $@pvs_mw[134] = 3; $@pvs_mstart[134] = 2868; $@pvs_mlen[134] = 9;
	$@pvs_map$[135] = "lou_fild01"; $@pvs_mlv[135] = 31; $@pvs_mcap[135] = 12291; $@pvs_mw[135] = 1; $@pvs_mstart[135] = 2877; $@pvs_mlen[135] = 27;
	$@pvs_map$[136] = "mag_dun01"; $@pvs_mlv[136] = 57; $@pvs_mcap[136] = 9692; $@pvs_mw[136] = 3; $@pvs_mstart[136] = 2904; $@pvs_mlen[136] = 14;
	$@pvs_map$[137] = "mag_dun02"; $@pvs_mlv[137] = 66; $@pvs_mcap[137] = 10242; $@pvs_mw[137] = 3; $@pvs_mstart[137] = 2918; $@pvs_mlen[137] = 17;
	$@pvs_map$[138] = "man_fild01"; $@pvs_mlv[138] = 82; $@pvs_mcap[138] = 17640; $@pvs_mw[138] = 1; $@pvs_mstart[138] = 2935; $@pvs_mlen[138] = 14;
	$@pvs_map$[139] = "man_fild02"; $@pvs_mlv[139] = 105; $@pvs_mcap[139] = 13200; $@pvs_mw[139] = 1; $@pvs_mstart[139] = 2949; $@pvs_mlen[139] = 11;
	$@pvs_map$[140] = "man_fild03"; $@pvs_mlv[140] = 107; $@pvs_mcap[140] = 9000; $@pvs_mw[140] = 1; $@pvs_mstart[140] = 2960; $@pvs_mlen[140] = 16;
	$@pvs_map$[141] = "mjo_dun01"; $@pvs_mlv[141] = 11; $@pvs_mcap[141] = 13200; $@pvs_mw[141] = 3; $@pvs_mstart[141] = 2976; $@pvs_mlen[141] = 10;
	$@pvs_map$[142] = "mjo_dun02"; $@pvs_mlv[142] = 24; $@pvs_mcap[142] = 13938; $@pvs_mw[142] = 3; $@pvs_mstart[142] = 2986; $@pvs_mlen[142] = 14;
	$@pvs_map$[143] = "mjo_dun03"; $@pvs_mlv[143] = 32; $@pvs_mcap[143] = 13857; $@pvs_mw[143] = 3; $@pvs_mstart[143] = 3000; $@pvs_mlen[143] = 16;
	$@pvs_map$[144] = "mjolnir_01"; $@pvs_mlv[144] = 18; $@pvs_mcap[144] = 20582; $@pvs_mw[144] = 3; $@pvs_mstart[144] = 3016; $@pvs_mlen[144] = 35;
	$@pvs_map$[145] = "mjolnir_02"; $@pvs_mlv[145] = 25; $@pvs_mcap[145] = 17254; $@pvs_mw[145] = 1; $@pvs_mstart[145] = 3051; $@pvs_mlen[145] = 26;
	$@pvs_map$[146] = "mjolnir_03"; $@pvs_mlv[146] = 34; $@pvs_mcap[146] = 18187; $@pvs_mw[146] = 1; $@pvs_mstart[146] = 3077; $@pvs_mlen[146] = 36;
	$@pvs_map$[147] = "mjolnir_04"; $@pvs_mlv[147] = 17; $@pvs_mcap[147] = 18245; $@pvs_mw[147] = 1; $@pvs_mstart[147] = 3113; $@pvs_mlen[147] = 29;
	$@pvs_map$[148] = "mjolnir_05"; $@pvs_mlv[148] = 32; $@pvs_mcap[148] = 19410; $@pvs_mw[148] = 1; $@pvs_mstart[148] = 3142; $@pvs_mlen[148] = 31;
	$@pvs_map$[149] = "mjolnir_06"; $@pvs_mlv[149] = 17; $@pvs_mcap[149] = 19328; $@pvs_mw[149] = 3; $@pvs_mstart[149] = 3173; $@pvs_mlen[149] = 28;
	$@pvs_map$[150] = "mjolnir_07"; $@pvs_mlv[150] = 14; $@pvs_mcap[150] = 20542; $@pvs_mw[150] = 1; $@pvs_mstart[150] = 3201; $@pvs_mlen[150] = 33;
	$@pvs_map$[151] = "mjolnir_08"; $@pvs_mlv[151] = 28; $@pvs_mcap[151] = 16900; $@pvs_mw[151] = 1; $@pvs_mstart[151] = 3234; $@pvs_mlen[151] = 24;
	$@pvs_map$[152] = "mjolnir_09"; $@pvs_mlv[152] = 19; $@pvs_mcap[152] = 18155; $@pvs_mw[152] = 1; $@pvs_mstart[152] = 3258; $@pvs_mlen[152] = 23;
	$@pvs_map$[153] = "mjolnir_10"; $@pvs_mlv[153] = 26; $@pvs_mcap[153] = 16943; $@pvs_mw[153] = 1; $@pvs_mstart[153] = 3281; $@pvs_mlen[153] = 30;
	$@pvs_map$[154] = "mjolnir_11"; $@pvs_mlv[154] = 21; $@pvs_mcap[154] = 19370; $@pvs_mw[154] = 1; $@pvs_mstart[154] = 3311; $@pvs_mlen[154] = 24;
	$@pvs_map$[155] = "mjolnir_12"; $@pvs_mlv[155] = 20; $@pvs_mcap[155] = 10800; $@pvs_mw[155] = 1; $@pvs_mstart[155] = 3335; $@pvs_mlen[155] = 8;
	$@pvs_map$[156] = "moc_fild01"; $@pvs_mlv[156] = 7; $@pvs_mcap[156] = 19231; $@pvs_mw[156] = 1; $@pvs_mstart[156] = 3343; $@pvs_mlen[156] = 19;
	$@pvs_map$[157] = "moc_fild02"; $@pvs_mlv[157] = 13; $@pvs_mcap[157] = 19398; $@pvs_mw[157] = 1; $@pvs_mstart[157] = 3362; $@pvs_mlen[157] = 20;
	$@pvs_map$[158] = "moc_fild03"; $@pvs_mlv[158] = 26; $@pvs_mcap[158] = 18199; $@pvs_mw[158] = 1; $@pvs_mstart[158] = 3382; $@pvs_mlen[158] = 25;
	$@pvs_map$[159] = "moc_fild07"; $@pvs_mlv[159] = 3; $@pvs_mcap[159] = 21638; $@pvs_mw[159] = 1; $@pvs_mstart[159] = 3407; $@pvs_mlen[159] = 12;
	$@pvs_map$[160] = "moc_fild11"; $@pvs_mlv[160] = 23; $@pvs_mcap[160] = 19202; $@pvs_mw[160] = 3; $@pvs_mstart[160] = 3419; $@pvs_mlen[160] = 24;
	$@pvs_map$[161] = "moc_fild12"; $@pvs_mlv[161] = 3; $@pvs_mcap[161] = 20541; $@pvs_mw[161] = 1; $@pvs_mstart[161] = 3443; $@pvs_mlen[161] = 12;
	$@pvs_map$[162] = "moc_fild13"; $@pvs_mlv[162] = 21; $@pvs_mcap[162] = 20795; $@pvs_mw[162] = 1; $@pvs_mstart[162] = 3455; $@pvs_mlen[162] = 29;
	$@pvs_map$[163] = "moc_fild16"; $@pvs_mlv[163] = 28; $@pvs_mcap[163] = 19800; $@pvs_mw[163] = 3; $@pvs_mstart[163] = 3484; $@pvs_mlen[163] = 15;
	$@pvs_map$[164] = "moc_fild17"; $@pvs_mlv[164] = 24; $@pvs_mcap[164] = 22299; $@pvs_mw[164] = 3; $@pvs_mstart[164] = 3499; $@pvs_mlen[164] = 24;
	$@pvs_map$[165] = "moc_fild18"; $@pvs_mlv[165] = 14; $@pvs_mcap[165] = 24714; $@pvs_mw[165] = 3; $@pvs_mstart[165] = 3523; $@pvs_mlen[165] = 25;
	$@pvs_map$[166] = "moc_fild20"; $@pvs_mlv[166] = 15; $@pvs_mcap[166] = 35040; $@pvs_mw[166] = 1; $@pvs_mstart[166] = 3548; $@pvs_mlen[166] = 27;
	$@pvs_map$[167] = "moc_fild21"; $@pvs_mlv[167] = 75; $@pvs_mcap[167] = 28680; $@pvs_mw[167] = 1; $@pvs_mstart[167] = 3575; $@pvs_mlen[167] = 20;
	$@pvs_map$[168] = "moc_fild22"; $@pvs_mlv[168] = 97; $@pvs_mcap[168] = 13050; $@pvs_mw[168] = 1; $@pvs_mstart[168] = 3595; $@pvs_mlen[168] = 11;
	$@pvs_map$[169] = "moc_pryd01"; $@pvs_mlv[169] = 9; $@pvs_mcap[169] = 8400; $@pvs_mw[169] = 3; $@pvs_mstart[169] = 3606; $@pvs_mlen[169] = 8;
	$@pvs_map$[170] = "moc_pryd02"; $@pvs_mlv[170] = 31; $@pvs_mcap[170] = 16200; $@pvs_mw[170] = 3; $@pvs_mstart[170] = 3614; $@pvs_mlen[170] = 28;
	$@pvs_map$[171] = "moc_pryd03"; $@pvs_mlv[171] = 37; $@pvs_mcap[171] = 10892; $@pvs_mw[171] = 3; $@pvs_mstart[171] = 3642; $@pvs_mlen[171] = 24;
	$@pvs_map$[172] = "moc_pryd04"; $@pvs_mlv[172] = 43; $@pvs_mcap[172] = 6657; $@pvs_mw[172] = 3; $@pvs_mstart[172] = 3666; $@pvs_mlen[172] = 22;
	$@pvs_map$[173] = "moc_pryd05"; $@pvs_mlv[173] = 45; $@pvs_mcap[173] = 14400; $@pvs_mw[173] = 3; $@pvs_mstart[173] = 3688; $@pvs_mlen[173] = 15;
	$@pvs_map$[174] = "moc_pryd06"; $@pvs_mlv[174] = 55; $@pvs_mcap[174] = 8400; $@pvs_mw[174] = 3; $@pvs_mstart[174] = 3703; $@pvs_mlen[174] = 18;
	$@pvs_map$[175] = "mosk_dun01"; $@pvs_mlv[175] = 34; $@pvs_mcap[175] = 11430; $@pvs_mw[175] = 3; $@pvs_mstart[175] = 3721; $@pvs_mlen[175] = 16;
	$@pvs_map$[176] = "mosk_dun02"; $@pvs_mlv[176] = 46; $@pvs_mcap[176] = 7236; $@pvs_mw[176] = 3; $@pvs_mstart[176] = 3737; $@pvs_mlen[176] = 17;
	$@pvs_map$[177] = "mosk_dun03"; $@pvs_mlv[177] = 50; $@pvs_mcap[177] = 10923; $@pvs_mw[177] = 3; $@pvs_mstart[177] = 3754; $@pvs_mlen[177] = 25;
	$@pvs_map$[178] = "mosk_fild02"; $@pvs_mlv[178] = 23; $@pvs_mcap[178] = 13050; $@pvs_mw[178] = 1; $@pvs_mstart[178] = 3779; $@pvs_mlen[178] = 26;
	$@pvs_map$[179] = "nameless_n"; $@pvs_mlv[179] = 61; $@pvs_mcap[179] = 7140; $@pvs_mw[179] = 3; $@pvs_mstart[179] = 3805; $@pvs_mlen[179] = 16;
	$@pvs_map$[180] = "nif_fild01"; $@pvs_mlv[180] = 52; $@pvs_mcap[180] = 10247; $@pvs_mw[180] = 1; $@pvs_mstart[180] = 3821; $@pvs_mlen[180] = 21;
	$@pvs_map$[181] = "nif_fild02"; $@pvs_mlv[181] = 60; $@pvs_mcap[181] = 3920; $@pvs_mw[181] = 1; $@pvs_mstart[181] = 3842; $@pvs_mlen[181] = 28;
	$@pvs_map$[182] = "niflheim"; $@pvs_mlv[182] = 45; $@pvs_mcap[182] = 410; $@pvs_mw[182] = 1; $@pvs_mstart[182] = 3870; $@pvs_mlen[182] = 18;
	$@pvs_map$[183] = "nyd_dun01"; $@pvs_mlv[183] = 83; $@pvs_mcap[183] = 9615; $@pvs_mw[183] = 3; $@pvs_mstart[183] = 3888; $@pvs_mlen[183] = 10;
	$@pvs_map$[184] = "odin_tem01"; $@pvs_mlv[184] = 51; $@pvs_mcap[184] = 1719; $@pvs_mw[184] = 3; $@pvs_mstart[184] = 3898; $@pvs_mlen[184] = 26;
	$@pvs_map$[185] = "odin_tem02"; $@pvs_mlv[185] = 65; $@pvs_mcap[185] = 7537; $@pvs_mw[185] = 3; $@pvs_mstart[185] = 3924; $@pvs_mlen[185] = 19;
	$@pvs_map$[186] = "odin_tem03"; $@pvs_mlv[186] = 64; $@pvs_mcap[186] = 5450; $@pvs_mw[186] = 3; $@pvs_mstart[186] = 3943; $@pvs_mlen[186] = 26;
	$@pvs_map$[187] = "orcsdun01"; $@pvs_mlv[187] = 21; $@pvs_mcap[187] = 6694; $@pvs_mw[187] = 3; $@pvs_mstart[187] = 3969; $@pvs_mlen[187] = 29;
	$@pvs_map$[188] = "orcsdun02"; $@pvs_mlv[188] = 27; $@pvs_mcap[188] = 10777; $@pvs_mw[188] = 3; $@pvs_mstart[188] = 3998; $@pvs_mlen[188] = 30;
	$@pvs_map$[189] = "pay_dun00"; $@pvs_mlv[189] = 10; $@pvs_mcap[189] = 10434; $@pvs_mw[189] = 3; $@pvs_mstart[189] = 4028; $@pvs_mlen[189] = 20;
	$@pvs_map$[190] = "pay_dun01"; $@pvs_mlv[190] = 27; $@pvs_mcap[190] = 3274; $@pvs_mw[190] = 3; $@pvs_mstart[190] = 4048; $@pvs_mlen[190] = 22;
	$@pvs_map$[191] = "pay_dun02"; $@pvs_mlv[191] = 27; $@pvs_mcap[191] = 10638; $@pvs_mw[191] = 3; $@pvs_mstart[191] = 4070; $@pvs_mlen[191] = 42;
	$@pvs_map$[192] = "pay_dun03"; $@pvs_mlv[192] = 30; $@pvs_mcap[192] = 7872; $@pvs_mw[192] = 3; $@pvs_mstart[192] = 4112; $@pvs_mlen[192] = 41;
	$@pvs_map$[193] = "pay_dun04"; $@pvs_mlv[193] = 37; $@pvs_mcap[193] = 13498; $@pvs_mw[193] = 3; $@pvs_mstart[193] = 4153; $@pvs_mlen[193] = 45;
	$@pvs_map$[194] = "pay_fild01"; $@pvs_mlv[194] = 12; $@pvs_mcap[194] = 15882; $@pvs_mw[194] = 1; $@pvs_mstart[194] = 4198; $@pvs_mlen[194] = 21;
	$@pvs_map$[195] = "pay_fild02"; $@pvs_mlv[195] = 21; $@pvs_mcap[195] = 15660; $@pvs_mw[195] = 1; $@pvs_mstart[195] = 4219; $@pvs_mlen[195] = 25;
	$@pvs_map$[196] = "pay_fild03"; $@pvs_mlv[196] = 2; $@pvs_mcap[196] = 19275; $@pvs_mw[196] = 1; $@pvs_mstart[196] = 4244; $@pvs_mlen[196] = 21;
	$@pvs_map$[197] = "pay_fild04"; $@pvs_mlv[197] = 8; $@pvs_mcap[197] = 15642; $@pvs_mw[197] = 1; $@pvs_mstart[197] = 4265; $@pvs_mlen[197] = 41;
	$@pvs_map$[198] = "pay_fild05"; $@pvs_mlv[198] = 23; $@pvs_mcap[198] = 10825; $@pvs_mw[198] = 1; $@pvs_mstart[198] = 4306; $@pvs_mlen[198] = 20;
	$@pvs_map$[199] = "pay_fild06"; $@pvs_mlv[199] = 11; $@pvs_mcap[199] = 20590; $@pvs_mw[199] = 1; $@pvs_mstart[199] = 4326; $@pvs_mlen[199] = 33;
	$@pvs_map$[200] = "pay_fild07"; $@pvs_mlv[200] = 21; $@pvs_mcap[200] = 21625; $@pvs_mw[200] = 1; $@pvs_mstart[200] = 4359; $@pvs_mlen[200] = 24;
	$@pvs_map$[201] = "pay_fild08"; $@pvs_mlv[201] = 7; $@pvs_mcap[201] = 20744; $@pvs_mw[201] = 3; $@pvs_mstart[201] = 4383; $@pvs_mlen[201] = 28;
	$@pvs_map$[202] = "pay_fild09"; $@pvs_mlv[202] = 21; $@pvs_mcap[202] = 20477; $@pvs_mw[202] = 3; $@pvs_mstart[202] = 4411; $@pvs_mlen[202] = 23;
	$@pvs_map$[203] = "pay_fild10"; $@pvs_mlv[203] = 35; $@pvs_mcap[203] = 18980; $@pvs_mw[203] = 3; $@pvs_mstart[203] = 4434; $@pvs_mlen[203] = 27;
	$@pvs_map$[204] = "pay_fild11"; $@pvs_mlv[204] = 52; $@pvs_mcap[204] = 5531; $@pvs_mw[204] = 1; $@pvs_mstart[204] = 4461; $@pvs_mlen[204] = 18;
	$@pvs_map$[205] = "prt_fild00"; $@pvs_mlv[205] = 5; $@pvs_mcap[205] = 24039; $@pvs_mw[205] = 1; $@pvs_mstart[205] = 4479; $@pvs_mlen[205] = 30;
	$@pvs_map$[206] = "prt_fild01"; $@pvs_mlv[206] = 3; $@pvs_mcap[206] = 20426; $@pvs_mw[206] = 1; $@pvs_mstart[206] = 4509; $@pvs_mlen[206] = 22;
	$@pvs_map$[207] = "prt_fild02"; $@pvs_mlv[207] = 4; $@pvs_mcap[207] = 21606; $@pvs_mw[207] = 1; $@pvs_mstart[207] = 4531; $@pvs_mlen[207] = 30;
	$@pvs_map$[208] = "prt_fild03"; $@pvs_mlv[208] = 19; $@pvs_mcap[208] = 15909; $@pvs_mw[208] = 1; $@pvs_mstart[208] = 4561; $@pvs_mlen[208] = 19;
	$@pvs_map$[209] = "prt_fild04"; $@pvs_mlv[209] = 10; $@pvs_mcap[209] = 18017; $@pvs_mw[209] = 1; $@pvs_mstart[209] = 4580; $@pvs_mlen[209] = 21;
	$@pvs_map$[210] = "prt_fild05"; $@pvs_mlv[210] = 3; $@pvs_mcap[210] = 19222; $@pvs_mw[210] = 1; $@pvs_mstart[210] = 4601; $@pvs_mlen[210] = 20;
	$@pvs_map$[211] = "prt_fild06"; $@pvs_mlv[211] = 3; $@pvs_mcap[211] = 20447; $@pvs_mw[211] = 1; $@pvs_mstart[211] = 4621; $@pvs_mlen[211] = 17;
	$@pvs_map$[212] = "prt_fild07"; $@pvs_mlv[212] = 10; $@pvs_mcap[212] = 13224; $@pvs_mw[212] = 1; $@pvs_mstart[212] = 4638; $@pvs_mlen[212] = 10;
	$@pvs_map$[213] = "prt_fild08"; $@pvs_mlv[213] = 2; $@pvs_mcap[213] = 16800; $@pvs_mw[213] = 1; $@pvs_mstart[213] = 4648; $@pvs_mlen[213] = 10;
	$@pvs_map$[214] = "prt_fild09"; $@pvs_mlv[214] = 6; $@pvs_mcap[214] = 16822; $@pvs_mw[214] = 1; $@pvs_mstart[214] = 4658; $@pvs_mlen[214] = 17;
	$@pvs_map$[215] = "prt_fild10"; $@pvs_mlv[215] = 17; $@pvs_mcap[215] = 16914; $@pvs_mw[215] = 1; $@pvs_mstart[215] = 4675; $@pvs_mlen[215] = 29;
	$@pvs_map$[216] = "prt_fild11"; $@pvs_mlv[216] = 26; $@pvs_mcap[216] = 18143; $@pvs_mw[216] = 1; $@pvs_mstart[216] = 4704; $@pvs_mlen[216] = 15;
	$@pvs_map$[217] = "prt_maze01"; $@pvs_mlv[217] = 18; $@pvs_mcap[217] = 2890; $@pvs_mw[217] = 3; $@pvs_mstart[217] = 4719; $@pvs_mlen[217] = 89;
	$@pvs_map$[218] = "prt_maze02"; $@pvs_mlv[218] = 22; $@pvs_mcap[218] = 3605; $@pvs_mw[218] = 3; $@pvs_mstart[218] = 4808; $@pvs_mlen[218] = 14;
	$@pvs_map$[219] = "prt_maze03"; $@pvs_mlv[219] = 35; $@pvs_mcap[219] = 14954; $@pvs_mw[219] = 3; $@pvs_mstart[219] = 4822; $@pvs_mlen[219] = 56;
	$@pvs_map$[220] = "prt_sewb1"; $@pvs_mlv[220] = 6; $@pvs_mcap[220] = 15600; $@pvs_mw[220] = 3; $@pvs_mstart[220] = 4878; $@pvs_mlen[220] = 12;
	$@pvs_map$[221] = "prt_sewb2"; $@pvs_mlv[221] = 9; $@pvs_mcap[221] = 26400; $@pvs_mw[221] = 3; $@pvs_mstart[221] = 4890; $@pvs_mlen[221] = 21;
	$@pvs_map$[222] = "prt_sewb3"; $@pvs_mlv[222] = 13; $@pvs_mcap[222] = 25200; $@pvs_mw[222] = 3; $@pvs_mstart[222] = 4911; $@pvs_mlen[222] = 22;
	$@pvs_map$[223] = "prt_sewb4"; $@pvs_mlv[223] = 18; $@pvs_mcap[223] = 17400; $@pvs_mw[223] = 3; $@pvs_mstart[223] = 4933; $@pvs_mlen[223] = 19;
	$@pvs_map$[224] = "ra_fild01"; $@pvs_mlv[224] = 55; $@pvs_mcap[224] = 10480; $@pvs_mw[224] = 1; $@pvs_mstart[224] = 4952; $@pvs_mlen[224] = 17;
	$@pvs_map$[225] = "ra_fild02"; $@pvs_mlv[225] = 50; $@pvs_mcap[225] = 11400; $@pvs_mw[225] = 1; $@pvs_mstart[225] = 4969; $@pvs_mlen[225] = 10;
	$@pvs_map$[226] = "ra_fild03"; $@pvs_mlv[226] = 38; $@pvs_mcap[226] = 7800; $@pvs_mw[226] = 1; $@pvs_mstart[226] = 4979; $@pvs_mlen[226] = 14;
	$@pvs_map$[227] = "ra_fild04"; $@pvs_mlv[227] = 30; $@pvs_mcap[227] = 11160; $@pvs_mw[227] = 1; $@pvs_mstart[227] = 4993; $@pvs_mlen[227] = 11;
	$@pvs_map$[228] = "ra_fild05"; $@pvs_mlv[228] = 45; $@pvs_mcap[228] = 12000; $@pvs_mw[228] = 3; $@pvs_mstart[228] = 5004; $@pvs_mlen[228] = 12;
	$@pvs_map$[229] = "ra_fild06"; $@pvs_mlv[229] = 39; $@pvs_mcap[229] = 9600; $@pvs_mw[229] = 1; $@pvs_mstart[229] = 5016; $@pvs_mlen[229] = 9;
	$@pvs_map$[230] = "ra_fild07"; $@pvs_mlv[230] = 33; $@pvs_mcap[230] = 9600; $@pvs_mw[230] = 1; $@pvs_mstart[230] = 5025; $@pvs_mlen[230] = 8;
	$@pvs_map$[231] = "ra_fild08"; $@pvs_mlv[231] = 22; $@pvs_mcap[231] = 19200; $@pvs_mw[231] = 1; $@pvs_mstart[231] = 5033; $@pvs_mlen[231] = 11;
	$@pvs_map$[232] = "ra_fild09"; $@pvs_mlv[232] = 38; $@pvs_mcap[232] = 10801; $@pvs_mw[232] = 1; $@pvs_mstart[232] = 5044; $@pvs_mlen[232] = 18;
	$@pvs_map$[233] = "ra_fild10"; $@pvs_mlv[233] = 31; $@pvs_mcap[233] = 7200; $@pvs_mw[233] = 1; $@pvs_mstart[233] = 5062; $@pvs_mlen[233] = 8;
	$@pvs_map$[234] = "ra_fild11"; $@pvs_mlv[234] = 14; $@pvs_mcap[234] = 19440; $@pvs_mw[234] = 1; $@pvs_mstart[234] = 5070; $@pvs_mlen[234] = 16;
	$@pvs_map$[235] = "ra_fild12"; $@pvs_mlv[235] = 13; $@pvs_mcap[235] = 19800; $@pvs_mw[235] = 3; $@pvs_mstart[235] = 5086; $@pvs_mlen[235] = 16;
	$@pvs_map$[236] = "ra_fild13"; $@pvs_mlv[236] = 20; $@pvs_mcap[236] = 12600; $@pvs_mw[236] = 1; $@pvs_mstart[236] = 5102; $@pvs_mlen[236] = 9;
	$@pvs_map$[237] = "ra_san01"; $@pvs_mlv[237] = 59; $@pvs_mcap[237] = 3609; $@pvs_mw[237] = 3; $@pvs_mstart[237] = 5111; $@pvs_mlen[237] = 16;
	$@pvs_map$[238] = "ra_san02"; $@pvs_mlv[238] = 60; $@pvs_mcap[238] = 16800; $@pvs_mw[238] = 3; $@pvs_mstart[238] = 5127; $@pvs_mlen[238] = 18;
	$@pvs_map$[239] = "ra_san03"; $@pvs_mlv[239] = 62; $@pvs_mcap[239] = 13200; $@pvs_mw[239] = 3; $@pvs_mstart[239] = 5145; $@pvs_mlen[239] = 9;
	$@pvs_map$[240] = "ra_san04"; $@pvs_mlv[240] = 69; $@pvs_mcap[240] = 12000; $@pvs_mw[240] = 3; $@pvs_mstart[240] = 5154; $@pvs_mlen[240] = 14;
	$@pvs_map$[241] = "ra_san05"; $@pvs_mlv[241] = 69; $@pvs_mcap[241] = 16803; $@pvs_mw[241] = 3; $@pvs_mstart[241] = 5168; $@pvs_mlen[241] = 18;
	$@pvs_map$[242] = "schg_dun01"; $@pvs_mlv[242] = 79; $@pvs_mcap[242] = 8400; $@pvs_mw[242] = 3; $@pvs_mstart[242] = 5186; $@pvs_mlen[242] = 20;
	$@pvs_map$[243] = "spl_fild01"; $@pvs_mlv[243] = 104; $@pvs_mcap[243] = 13200; $@pvs_mw[243] = 1; $@pvs_mstart[243] = 5206; $@pvs_mlen[243] = 13;
	$@pvs_map$[244] = "spl_fild02"; $@pvs_mlv[244] = 88; $@pvs_mcap[244] = 13200; $@pvs_mw[244] = 1; $@pvs_mstart[244] = 5219; $@pvs_mlen[244] = 6;
	$@pvs_map$[245] = "spl_fild03"; $@pvs_mlv[245] = 107; $@pvs_mcap[245] = 9601; $@pvs_mw[245] = 1; $@pvs_mstart[245] = 5225; $@pvs_mlen[245] = 19;
	$@pvs_map$[246] = "tha_t01"; $@pvs_mlv[246] = 54; $@pvs_mcap[246] = 7806; $@pvs_mw[246] = 3; $@pvs_mstart[246] = 5244; $@pvs_mlen[246] = 26;
	$@pvs_map$[247] = "tha_t02"; $@pvs_mlv[247] = 58; $@pvs_mcap[247] = 20406; $@pvs_mw[247] = 3; $@pvs_mstart[247] = 5270; $@pvs_mlen[247] = 33;
	$@pvs_map$[248] = "tha_t03"; $@pvs_mlv[248] = 61; $@pvs_mcap[248] = 19206; $@pvs_mw[248] = 3; $@pvs_mstart[248] = 5303; $@pvs_mlen[248] = 28;
	$@pvs_map$[249] = "tha_t04"; $@pvs_mlv[249] = 60; $@pvs_mcap[249] = 16806; $@pvs_mw[249] = 3; $@pvs_mstart[249] = 5331; $@pvs_mlen[249] = 33;
	$@pvs_map$[250] = "tha_t05"; $@pvs_mlv[250] = 65; $@pvs_mcap[250] = 17726; $@pvs_mw[250] = 3; $@pvs_mstart[250] = 5364; $@pvs_mlen[250] = 29;
	$@pvs_map$[251] = "tha_t06"; $@pvs_mlv[251] = 64; $@pvs_mcap[251] = 17541; $@pvs_mw[251] = 3; $@pvs_mstart[251] = 5393; $@pvs_mlen[251] = 29;
	$@pvs_map$[252] = "tha_t07"; $@pvs_mlv[252] = 74; $@pvs_mcap[252] = 2181; $@pvs_mw[252] = 3; $@pvs_mstart[252] = 5422; $@pvs_mlen[252] = 17;
	$@pvs_map$[253] = "tha_t08"; $@pvs_mlv[253] = 74; $@pvs_mcap[253] = 2172; $@pvs_mw[253] = 3; $@pvs_mstart[253] = 5439; $@pvs_mlen[253] = 18;
	$@pvs_map$[254] = "tha_t09"; $@pvs_mlv[254] = 75; $@pvs_mcap[254] = 840; $@pvs_mw[254] = 3; $@pvs_mstart[254] = 5457; $@pvs_mlen[254] = 11;
	$@pvs_map$[255] = "tha_t10"; $@pvs_mlv[255] = 76; $@pvs_mcap[255] = 840; $@pvs_mw[255] = 3; $@pvs_mstart[255] = 5468; $@pvs_mlen[255] = 10;
	$@pvs_map$[256] = "tha_t11"; $@pvs_mlv[256] = 77; $@pvs_mcap[256] = 840; $@pvs_mw[256] = 3; $@pvs_mstart[256] = 5478; $@pvs_mlen[256] = 11;
	$@pvs_map$[257] = "tha_t12"; $@pvs_mlv[257] = 78; $@pvs_mcap[257] = 800; $@pvs_mw[257] = 3; $@pvs_mstart[257] = 5489; $@pvs_mlen[257] = 9;
	$@pvs_map$[258] = "thor_v01"; $@pvs_mlv[258] = 78; $@pvs_mcap[258] = 8270; $@pvs_mw[258] = 3; $@pvs_mstart[258] = 5498; $@pvs_mlen[258] = 25;
	$@pvs_map$[259] = "thor_v02"; $@pvs_mlv[259] = 54; $@pvs_mcap[259] = 10201; $@pvs_mw[259] = 3; $@pvs_mstart[259] = 5523; $@pvs_mlen[259] = 17;
	$@pvs_map$[260] = "thor_v03"; $@pvs_mlv[260] = 88; $@pvs_mcap[260] = 13230; $@pvs_mw[260] = 3; $@pvs_mstart[260] = 5540; $@pvs_mlen[260] = 17;
	$@pvs_map$[261] = "treasure01"; $@pvs_mlv[261] = 21; $@pvs_mcap[261] = 4526; $@pvs_mw[261] = 3; $@pvs_mstart[261] = 5557; $@pvs_mlen[261] = 21;
	$@pvs_map$[262] = "treasure02"; $@pvs_mlv[262] = 37; $@pvs_mcap[262] = 4899; $@pvs_mw[262] = 3; $@pvs_mstart[262] = 5578; $@pvs_mlen[262] = 40;
	$@pvs_map$[263] = "tur_dun01"; $@pvs_mlv[263] = 52; $@pvs_mcap[263] = 10200; $@pvs_mw[263] = 3; $@pvs_mstart[263] = 5618; $@pvs_mlen[263] = 20;
	$@pvs_map$[264] = "tur_dun02"; $@pvs_mlv[264] = 64; $@pvs_mcap[264] = 13800; $@pvs_mw[264] = 3; $@pvs_mstart[264] = 5638; $@pvs_mlen[264] = 12;
	$@pvs_map$[265] = "tur_dun03"; $@pvs_mlv[265] = 70; $@pvs_mcap[265] = 11250; $@pvs_mw[265] = 3; $@pvs_mstart[265] = 5650; $@pvs_mlen[265] = 12;
	$@pvs_map$[266] = "tur_dun04"; $@pvs_mlv[266] = 70; $@pvs_mcap[266] = 3770; $@pvs_mw[266] = 3; $@pvs_mstart[266] = 5662; $@pvs_mlen[266] = 17;
	$@pvs_map$[267] = "tur_dun05"; $@pvs_mlv[267] = 69; $@pvs_mcap[267] = 588; $@pvs_mw[267] = 3; $@pvs_mstart[267] = 5679; $@pvs_mlen[267] = 10;
	$@pvs_map$[268] = "um_dun01"; $@pvs_mlv[268] = 38; $@pvs_mcap[268] = 10941; $@pvs_mw[268] = 3; $@pvs_mstart[268] = 5689; $@pvs_mlen[268] = 16;
	$@pvs_map$[269] = "um_dun02"; $@pvs_mlv[269] = 43; $@pvs_mcap[269] = 11596; $@pvs_mw[269] = 3; $@pvs_mstart[269] = 5705; $@pvs_mlen[269] = 25;
	$@pvs_map$[270] = "um_fild01"; $@pvs_mlv[270] = 36; $@pvs_mcap[270] = 12607; $@pvs_mw[270] = 3; $@pvs_mstart[270] = 5730; $@pvs_mlen[270] = 29;
	$@pvs_map$[271] = "um_fild02"; $@pvs_mlv[271] = 33; $@pvs_mcap[271] = 13381; $@pvs_mw[271] = 1; $@pvs_mstart[271] = 5759; $@pvs_mlen[271] = 24;
	$@pvs_map$[272] = "um_fild03"; $@pvs_mlv[272] = 48; $@pvs_mcap[272] = 15241; $@pvs_mw[272] = 1; $@pvs_mstart[272] = 5783; $@pvs_mlen[272] = 27;
	$@pvs_map$[273] = "um_fild04"; $@pvs_mlv[273] = 30; $@pvs_mcap[273] = 7137; $@pvs_mw[273] = 1; $@pvs_mstart[273] = 5810; $@pvs_mlen[273] = 17;
	$@pvs_map$[274] = "ve_fild01"; $@pvs_mlv[274] = 21; $@pvs_mcap[274] = 15620; $@pvs_mw[274] = 1; $@pvs_mstart[274] = 5827; $@pvs_mlen[274] = 30;
	$@pvs_map$[275] = "ve_fild02"; $@pvs_mlv[275] = 26; $@pvs_mcap[275] = 14654; $@pvs_mw[275] = 1; $@pvs_mstart[275] = 5857; $@pvs_mlen[275] = 27;
	$@pvs_map$[276] = "ve_fild03"; $@pvs_mlv[276] = 33; $@pvs_mcap[276] = 10800; $@pvs_mw[276] = 1; $@pvs_mstart[276] = 5884; $@pvs_mlen[276] = 20;
	$@pvs_map$[277] = "ve_fild04"; $@pvs_mlv[277] = 27; $@pvs_mcap[277] = 14416; $@pvs_mw[277] = 1; $@pvs_mstart[277] = 5904; $@pvs_mlen[277] = 23;
	$@pvs_map$[278] = "ve_fild05"; $@pvs_mlv[278] = 50; $@pvs_mcap[278] = 8111; $@pvs_mw[278] = 1; $@pvs_mstart[278] = 5927; $@pvs_mlen[278] = 28;
	$@pvs_map$[279] = "ve_fild07"; $@pvs_mlv[279] = 30; $@pvs_mcap[279] = 18657; $@pvs_mw[279] = 1; $@pvs_mstart[279] = 5955; $@pvs_mlen[279] = 23;
	$@pvs_map$[280] = "xmas_dun01"; $@pvs_mlv[280] = 24; $@pvs_mcap[280] = 17405; $@pvs_mw[280] = 3; $@pvs_mstart[280] = 5978; $@pvs_mlen[280] = 37;
	$@pvs_map$[281] = "xmas_dun02"; $@pvs_mlv[281] = 34; $@pvs_mcap[281] = 15002; $@pvs_mw[281] = 3; $@pvs_mstart[281] = 6015; $@pvs_mlen[281] = 19;
	$@pvs_map$[282] = "xmas_fild01"; $@pvs_mlv[282] = 26; $@pvs_mcap[282] = 6602; $@pvs_mw[282] = 1; $@pvs_mstart[282] = 6034; $@pvs_mlen[282] = 11;
	$@pvs_map$[283] = "yggdrasil01"; $@pvs_mlv[283] = 1; $@pvs_mcap[283] = 1502; $@pvs_mw[283] = 1; $@pvs_mstart[283] = 6045; $@pvs_mlen[283] = 20;
	$@pvs_map$[284] = "yuno_fild01"; $@pvs_mlv[284] = 16; $@pvs_mcap[284] = 11016; $@pvs_mw[284] = 1; $@pvs_mstart[284] = 6065; $@pvs_mlen[284] = 28;
	$@pvs_map$[285] = "yuno_fild02"; $@pvs_mlv[285] = 26; $@pvs_mcap[285] = 13857; $@pvs_mw[285] = 1; $@pvs_mstart[285] = 6093; $@pvs_mlen[285] = 23;
	$@pvs_map$[286] = "yuno_fild03"; $@pvs_mlv[286] = 11; $@pvs_mcap[286] = 18689; $@pvs_mw[286] = 1; $@pvs_mstart[286] = 6116; $@pvs_mlen[286] = 48;
	$@pvs_map$[287] = "yuno_fild04"; $@pvs_mlv[287] = 3; $@pvs_mcap[287] = 15648; $@pvs_mw[287] = 1; $@pvs_mstart[287] = 6164; $@pvs_mlen[287] = 28;
	$@pvs_map$[288] = "yuno_fild05"; $@pvs_mlv[288] = 19; $@pvs_mcap[288] = 17281; $@pvs_mw[288] = 1; $@pvs_mstart[288] = 6192; $@pvs_mlen[288] = 26;
	$@pvs_map$[289] = "yuno_fild06"; $@pvs_mlv[289] = 62; $@pvs_mcap[289] = 17280; $@pvs_mw[289] = 3; $@pvs_mstart[289] = 6218; $@pvs_mlen[289] = 18;
	$@pvs_map$[290] = "yuno_fild07"; $@pvs_mlv[290] = 58; $@pvs_mcap[290] = 5408; $@pvs_mw[290] = 3; $@pvs_mstart[290] = 6236; $@pvs_mlen[290] = 21;
	$@pvs_map$[291] = "yuno_fild08"; $@pvs_mlv[291] = 47; $@pvs_mcap[291] = 16624; $@pvs_mw[291] = 1; $@pvs_mstart[291] = 6257; $@pvs_mlen[291] = 23;
	$@pvs_map$[292] = "yuno_fild09"; $@pvs_mlv[292] = 24; $@pvs_mcap[292] = 16624; $@pvs_mw[292] = 1; $@pvs_mstart[292] = 6280; $@pvs_mlen[292] = 25;
	$@pvs_map$[293] = "yuno_fild10"; $@pvs_mlv[293] = 30; $@pvs_mcap[293] = 13200; $@pvs_mw[293] = 1; $@pvs_mstart[293] = 6305; $@pvs_mlen[293] = 14;
	$@pvs_map$[294] = "yuno_fild11"; $@pvs_mlv[294] = 56; $@pvs_mcap[294] = 9664; $@pvs_mw[294] = 3; $@pvs_mstart[294] = 6319; $@pvs_mlen[294] = 21;
	$@pvs_map$[295] = "yuno_fild12"; $@pvs_mlv[295] = 34; $@pvs_mcap[295] = 8400; $@pvs_mw[295] = 1; $@pvs_mstart[295] = 6340; $@pvs_mlen[295] = 11;
	setarray $@pvs_yitem[0], 509, 511, 537, 756, 932, 938, 1260, 1268, 4110, 4438, 4439, 7005, 13027, 13028, 13107, 13170;
	setarray $@pvs_yitem[16], 609, 932, 932, 938, 2532, 4439, 7005, 7117, 13107, 13170, 609, 932, 2532, 4438, 4439, 7005;
	setarray $@pvs_yitem[32], 7117, 13027, 13170, 508, 511, 525, 578, 603, 617, 714, 718, 719, 720, 731, 732, 757;
	setarray $@pvs_yitem[48], 938, 985, 1036, 1258, 2610, 4205, 4314, 4387, 7013, 7032, 7123, 7445, 508, 510, 511, 578;
	setarray $@pvs_yitem[64], 582, 603, 617, 714, 718, 720, 731, 732, 757, 985, 1036, 1269, 2610, 4205, 4379, 4387;
	setarray $@pvs_yitem[80], 7032, 7123, 7444, 7446, 7448, 510, 578, 582, 603, 617, 714, 718, 720, 731, 732, 757;
	setarray $@pvs_yitem[96], 985, 1036, 1269, 2610, 4205, 4379, 4387, 5124, 5126, 5127, 7032, 7123, 7123, 7443, 7444, 7445;
	setarray $@pvs_yitem[112], 7446, 7448, 507, 725, 756, 913, 938, 943, 1096, 4069, 4240, 7006, 507, 508, 509, 602;
	setarray $@pvs_yitem[128], 756, 757, 931, 938, 943, 1063, 1096, 1304, 1734, 4213, 4240, 4322, 7009, 507, 510, 525;
	setarray $@pvs_yitem[144], 568, 719, 725, 756, 913, 938, 984, 1258, 4069, 4296, 4314, 7006, 7007, 7013, 508, 616;
	setarray $@pvs_yitem[160], 637, 638, 641, 695, 984, 984, 1006, 1111, 1114, 1125, 1214, 1259, 2252, 2282, 2333, 4102;
	setarray $@pvs_yitem[176], 4119, 4250, 4254, 7019, 7024, 7292, 508, 509, 525, 549, 2285, 2336, 2337, 2654, 4160, 4230;
	setarray $@pvs_yitem[192], 7126, 7152, 7157, 12127, 13013, 13014, 13152, 508, 509, 511, 525, 526, 549, 633, 724, 757;
	setarray $@pvs_yitem[208], 953, 1246, 2279, 2285, 2336, 2337, 2610, 2654, 4103, 4160, 4172, 4230, 7111, 7112, 7126, 7152;
	setarray $@pvs_yitem[224], 7157, 12127, 13009, 13013, 13014, 13152, 508, 509, 511, 525, 549, 603, 617, 714, 757, 2285;
	setarray $@pvs_yitem[240], 2336, 2337, 2654, 4160, 4172, 4205, 4230, 7111, 7112, 7126, 7152, 7157, 7159, 12127, 12128, 13009;
	setarray $@pvs_yitem[256], 13013, 13014, 13152, 13301, 13302, 509, 511, 514, 517, 518, 521, 525, 526, 724, 756, 938;
	setarray $@pvs_yitem[272], 948, 1246, 1915, 2289, 2610, 4033, 4035, 4074, 4287, 7111, 7150, 7152, 12127, 13008, 13012, 13014;
	setarray $@pvs_yitem[288], 13304, 507, 514, 518, 526, 756, 756, 757, 757, 913, 938, 969, 984, 990, 993, 1002;
	setarray $@pvs_yitem[304], 1105, 2209, 2227, 4013, 4043, 4053, 4087, 7481, 10006, 507, 514, 518, 526, 756, 757, 913;
	setarray $@pvs_yitem[320], 938, 990, 993, 1002, 1105, 2209, 2227, 4013, 4043, 4053, 4087, 576, 603, 609, 932, 985;
	setarray $@pvs_yitem[336], 2109, 2135, 2386, 2388, 2422, 2532, 2545, 2749, 7117, 7568, 12183, 509, 511, 520, 521, 568;
	setarray $@pvs_yitem[352], 603, 608, 756, 1023, 1260, 2282, 2333, 4102, 4110, 521, 603, 2282, 2333, 4102, 7069, 508;
	setarray $@pvs_yitem[368], 511, 520, 521, 568, 578, 608, 621, 704, 756, 905, 906, 914, 945, 1023, 2402, 2502;
	setarray $@pvs_yitem[384], 4041, 4044, 4051, 508, 517, 520, 568, 608, 707, 711, 905, 906, 914, 928, 1023, 7196;
	setarray $@pvs_yitem[400], 510, 514, 568, 702, 720, 722, 756, 757, 985, 1007, 1048, 1054, 1055, 1965, 1966, 1973;
	setarray $@pvs_yitem[416], 4124, 4199, 4315, 510, 514, 517, 525, 617, 757, 938, 943, 985, 993, 1055, 1966, 4035;
	setarray $@pvs_yitem[432], 4223, 7004, 7049, 509, 510, 514, 517, 525, 603, 624, 719, 725, 757, 908, 918, 932;
	setarray $@pvs_yitem[448], 938, 985, 1055, 1966, 4035, 4058, 4067, 517, 525, 630, 631, 710, 921, 938, 950, 951;
	setarray $@pvs_yitem[464], 956, 1054, 2334, 4035, 7033, 13027, 517, 525, 630, 631, 710, 921, 938, 950, 951, 956;
	setarray $@pvs_yitem[480], 1054, 2334, 4035, 7033, 13027, 508, 510, 514, 517, 526, 630, 702, 756, 757, 917, 921;
	setarray $@pvs_yitem[496], 969, 972, 990, 1005, 1028, 1255, 1269, 1613, 4078, 4098, 7033, 7097, 7120, 7122, 7171, 7267;
	setarray $@pvs_yitem[512], 520, 637, 1006, 1095, 1097, 1553, 1554, 1555, 1556, 2109, 2252, 2502, 4119, 4185, 4229, 7015;
	setarray $@pvs_yitem[528], 7027, 10004, 509, 520, 568, 603, 616, 617, 714, 757, 985, 1006, 1095, 1097, 1473, 1553;
	setarray $@pvs_yitem[544], 1554, 1555, 1556, 2109, 2502, 4185, 4205, 4229, 4251, 7015, 7027, 7099, 7117, 10004, 520, 603;
	setarray $@pvs_yitem[560], 617, 714, 757, 984, 1006, 1095, 1097, 1553, 1554, 1555, 1556, 2109, 2607, 4185, 4205, 4229;
	setarray $@pvs_yitem[576], 4244, 7005, 7015, 7027, 509, 520, 568, 603, 616, 617, 714, 757, 984, 984, 985, 1006;
	setarray $@pvs_yitem[592], 1095, 1097, 1111, 1114, 1125, 1473, 1553, 1554, 1555, 1556, 2109, 2282, 2333, 2607, 4102, 4185;
	setarray $@pvs_yitem[608], 4205, 4229, 4237, 4244, 4250, 4251, 5045, 7005, 7015, 7024, 7027, 7071, 7099, 7117, 508, 509;
	setarray $@pvs_yitem[624], 510, 511, 514, 518, 521, 526, 607, 608, 621, 702, 704, 710, 711, 714, 756, 757;
	setarray $@pvs_yitem[640], 905, 906, 921, 938, 972, 1028, 2221, 4033, 4048, 4078, 4252, 7033, 508, 510, 514, 525;
	setarray $@pvs_yitem[656], 582, 608, 756, 757, 938, 943, 966, 1452, 2310, 4152, 4252, 4273, 7013, 7049, 508, 509;
	setarray $@pvs_yitem[672], 510, 511, 514, 518, 518, 526, 607, 608, 702, 710, 714, 756, 930, 938, 943, 984;
	setarray $@pvs_yitem[688], 1036, 1055, 2527, 4033, 4234, 4315, 5125, 7296, 10019, 508, 514, 608, 722, 725, 756, 757;
	setarray $@pvs_yitem[704], 938, 966, 4252, 4273, 7013, 7049, 507, 508, 509, 510, 511, 514, 518, 521, 607, 608;
	setarray $@pvs_yitem[720], 621, 702, 704, 707, 710, 711, 714, 756, 757, 905, 906, 914, 938, 1055, 1968, 4033;
	setarray $@pvs_yitem[736], 4088, 4252, 4315, 507, 508, 514, 620, 707, 711, 756, 905, 906, 914, 938, 1711, 1820;
	setarray $@pvs_yitem[752], 4325, 5118, 508, 514, 620, 756, 757, 938, 966, 4273, 7013, 7049, 507, 508, 509, 514;
	setarray $@pvs_yitem[768], 608, 620, 707, 711, 756, 757, 905, 906, 914, 926, 937, 938, 954, 984, 1120, 1257;
	setarray $@pvs_yitem[784], 1452, 1711, 1968, 4117, 5118, 7043, 7048, 508, 517, 582, 620, 632, 756, 757, 917, 926;
	setarray $@pvs_yitem[800], 937, 938, 943, 993, 1002, 1039, 1055, 1147, 1455, 1702, 2619, 4015, 4042, 4081, 4149, 603;
	setarray $@pvs_yitem[816], 604, 630, 718, 928, 1002, 4334, 4335, 4336, 4337, 7068, 7312, 7319, 7322, 518, 604, 714;
	setarray $@pvs_yitem[832], 969, 984, 985, 1002, 2652, 4340, 5113, 7068, 7317, 7319, 7321, 2502, 10004, 718, 4180, 4336;
	setarray $@pvs_yitem[848], 508, 511, 521, 621, 704, 707, 711, 905, 906, 914, 943, 993, 1002, 1018, 1032, 1408;
	setarray $@pvs_yitem[864], 1452, 1455, 2207, 2253, 2310, 4045, 4280, 4341, 5119, 7126, 7312, 7317, 7325, 12002, 13101, 13103;
	setarray $@pvs_yitem[880], 507, 508, 511, 521, 621, 704, 707, 711, 714, 905, 906, 914, 969, 984, 1002, 1018;
	setarray $@pvs_yitem[896], 1032, 2207, 2227, 2253, 4087, 4280, 4341, 5119, 7126, 7312, 7317, 7321, 7325, 12002, 13101, 13103;
	setarray $@pvs_yitem[912], 714, 969, 984, 985, 1032, 2207, 2253, 4280, 4344, 7321, 12002, 507, 508, 510, 511, 630;
	setarray $@pvs_yitem[928], 707, 711, 905, 906, 914, 915, 921, 938, 1002, 1820, 2227, 4003, 4087, 4150, 4325, 7033;
	setarray $@pvs_yitem[944], 507, 508, 511, 514, 521, 619, 629, 630, 704, 707, 711, 718, 905, 906, 914, 921;
	setarray $@pvs_yitem[960], 938, 972, 990, 1002, 1032, 1202, 2207, 2253, 4001, 4033, 4080, 4280, 4336, 4341, 7033, 7126;
	setarray $@pvs_yitem[976], 7312, 7317, 7325, 12002, 13103, 507, 508, 511, 514, 619, 620, 630, 707, 711, 905, 906;
	setarray $@pvs_yitem[992], 914, 921, 928, 938, 972, 990, 1002, 1202, 2304, 4001, 4016, 4033, 4337, 4341, 7033, 7126;
	setarray $@pvs_yitem[1008], 7312, 7317, 7325, 13103, 507, 508, 521, 629, 630, 704, 707, 711, 905, 906, 914, 915;
	setarray $@pvs_yitem[1024], 921, 928, 938, 972, 990, 1002, 1032, 2253, 2304, 4016, 4080, 4337, 4341, 7033, 7126, 7312;
	setarray $@pvs_yitem[1040], 7317, 7325, 13103, 507, 508, 510, 514, 521, 578, 629, 630, 704, 707, 711, 756, 905;
	setarray $@pvs_yitem[1056], 906, 914, 928, 1032, 2207, 2253, 4051, 4080, 4280, 4337, 7312, 12002, 507, 508, 509, 510;
	setarray $@pvs_yitem[1072], 511, 514, 518, 521, 607, 608, 621, 630, 704, 707, 710, 711, 714, 756, 905, 906;
	setarray $@pvs_yitem[1088], 914, 921, 938, 943, 972, 1226, 2221, 4033, 4048, 4115, 7033, 507, 509, 510, 511, 514;
	setarray $@pvs_yitem[1104], 521, 603, 630, 631, 638, 711, 724, 725, 727, 756, 905, 906, 913, 921, 938, 984;
	setarray $@pvs_yitem[1120], 984, 985, 1214, 1260, 4038, 4069, 4110, 4127, 4254, 7006, 7033, 7292, 508, 509, 510, 511;
	setarray $@pvs_yitem[1136], 518, 521, 603, 607, 608, 631, 710, 714, 756, 905, 906, 943, 984, 1039, 1060, 1226;
	setarray $@pvs_yitem[1152], 1260, 1520, 2282, 2294, 2333, 2407, 2605, 4102, 4110, 4113, 4115, 4122, 4127, 5141, 508, 509;
	setarray $@pvs_yitem[1168], 510, 518, 521, 568, 602, 603, 607, 608, 631, 710, 714, 731, 732, 905, 906, 932;
	setarray $@pvs_yitem[1184], 4190, 7005, 510, 511, 514, 521, 619, 621, 704, 705, 711, 905, 906, 914, 915, 938;
	setarray $@pvs_yitem[1200], 1002, 1202, 4001, 4002, 4003, 4033, 511, 514, 518, 521, 621, 704, 905, 906, 908, 918;
	setarray $@pvs_yitem[1216], 938, 4014, 4033, 5125, 508, 509, 510, 511, 514, 518, 521, 578, 607, 608, 621, 630;
	setarray $@pvs_yitem[1232], 704, 710, 711, 714, 756, 905, 906, 914, 921, 931, 945, 972, 985, 990, 1304, 2402;
	setarray $@pvs_yitem[1248], 2502, 4041, 4044, 4051, 4066, 7033, 508, 511, 514, 521, 526, 621, 702, 704, 756, 757;
	setarray $@pvs_yitem[1264], 905, 906, 931, 938, 1028, 1304, 4033, 4066, 4078, 4322, 511, 521, 619, 621, 704, 705;
	setarray $@pvs_yitem[1280], 905, 906, 908, 914, 915, 918, 938, 1002, 1202, 1205, 4001, 4002, 4003, 4014, 507, 619;
	setarray $@pvs_yitem[1296], 624, 711, 756, 905, 906, 914, 928, 938, 1202, 1711, 4001, 4257, 5037, 5118, 507, 508;
	setarray $@pvs_yitem[1312], 509, 510, 511, 514, 518, 607, 608, 710, 714, 757, 938, 943, 985, 990, 993, 1036;
	setarray $@pvs_yitem[1328], 1220, 1355, 2104, 4033, 4079, 4091, 4120, 13006, 508, 509, 510, 511, 514, 518, 521, 607;
	setarray $@pvs_yitem[1344], 608, 619, 621, 704, 705, 710, 711, 714, 905, 906, 914, 915, 938, 1002, 1202, 1205;
	setarray $@pvs_yitem[1360], 4001, 4002, 4003, 508, 510, 511, 514, 711, 757, 905, 906, 921, 943, 953, 972, 990;
	setarray $@pvs_yitem[1376], 1002, 1220, 1355, 2104, 2221, 4042, 4048, 4091, 7033, 510, 511, 514, 630, 711, 757, 905;
	setarray $@pvs_yitem[1392], 906, 921, 938, 943, 946, 972, 990, 1002, 2221, 4032, 4033, 4048, 7033, 510, 511, 514;
	setarray $@pvs_yitem[1408], 521, 621, 704, 711, 756, 905, 906, 931, 938, 1304, 2602, 4033, 4066, 4375, 7126, 7270;
	setarray $@pvs_yitem[1424], 7477, 10004, 12127, 507, 508, 511, 514, 630, 756, 921, 938, 984, 993, 1508, 2104, 4033;
	setarray $@pvs_yitem[1440], 5113, 7033, 7126, 508, 511, 514, 525, 526, 756, 757, 938, 990, 1220, 1355, 1613, 1711;
	setarray $@pvs_yitem[1456], 2104, 4033, 4091, 5118, 511, 514, 518, 602, 757, 938, 943, 946, 1002, 2207, 2322, 4032;
	setarray $@pvs_yitem[1472], 4033, 4040, 507, 508, 509, 756, 931, 1063, 1304, 1734, 2602, 4066, 4322, 7477, 12127, 509;
	setarray $@pvs_yitem[1488], 526, 638, 757, 984, 984, 985, 1039, 1060, 1111, 1114, 1125, 1162, 1170, 1214, 1421, 1472;
	setarray $@pvs_yitem[1504], 1478, 1902, 1919, 2125, 2255, 2318, 2407, 2610, 4140, 4209, 4218, 4250, 4254, 4269, 5066, 5072;
	setarray $@pvs_yitem[1520], 7019, 7023, 7024, 7292, 12020, 12127, 12373, 509, 526, 638, 757, 984, 984, 985, 1039, 1060;
	setarray $@pvs_yitem[1536], 1111, 1114, 1125, 1162, 1170, 1214, 1421, 1472, 1478, 1902, 1919, 2125, 2255, 2318, 2407, 2610;
	setarray $@pvs_yitem[1552], 4140, 4209, 4218, 4250, 4254, 4269, 5066, 5072, 7019, 7023, 7024, 7292, 12020, 12127, 12373, 509;
	setarray $@pvs_yitem[1568], 526, 638, 757, 984, 984, 985, 1039, 1060, 1111, 1114, 1125, 1162, 1170, 1214, 1421, 1472;
	setarray $@pvs_yitem[1584], 1478, 1902, 1919, 2125, 2255, 2318, 2407, 2610, 4140, 4209, 4218, 4250, 4254, 4269, 5066, 5072;
	setarray $@pvs_yitem[1600], 7019, 7023, 7024, 7292, 12020, 12127, 12373, 509, 526, 638, 757, 984, 984, 985, 1039, 1060;
	setarray $@pvs_yitem[1616], 1111, 1114, 1125, 1162, 1170, 1214, 1421, 1472, 1478, 1902, 1919, 2125, 2255, 2318, 2407, 2610;
	setarray $@pvs_yitem[1632], 4140, 4209, 4218, 4250, 4254, 4269, 5066, 5072, 7019, 7023, 7024, 7292, 12020, 12127, 12373, 509;
	setarray $@pvs_yitem[1648], 637, 638, 689, 739, 984, 1006, 1055, 1097, 1214, 1472, 1553, 1554, 1555, 1556, 1629, 1716;
	setarray $@pvs_yitem[1664], 2282, 2333, 2407, 2409, 2716, 4102, 4185, 4237, 4238, 4253, 4254, 4288, 5045, 5085, 7015, 7047;
	setarray $@pvs_yitem[1680], 7071, 7292, 12002, 12128, 509, 568, 603, 616, 617, 637, 638, 714, 739, 757, 932, 984;
	setarray $@pvs_yitem[1696], 984, 985, 1006, 1048, 1097, 1127, 1162, 1214, 1421, 1553, 1554, 1555, 1556, 1715, 2318, 2333;
	setarray $@pvs_yitem[1712], 2407, 4133, 4136, 4140, 4141, 4185, 4187, 4205, 4210, 4253, 4254, 5017, 5085, 7005, 7015, 7019;
	setarray $@pvs_yitem[1728], 7023, 7047, 7292, 12002, 12128, 13015, 509, 509, 511, 602, 603, 617, 714, 731, 756, 757;
	setarray $@pvs_yitem[1744], 1162, 1260, 4110, 4141, 4169, 4190, 4205, 5017, 509, 511, 602, 603, 617, 714, 724, 727;
	setarray $@pvs_yitem[1760], 731, 756, 757, 938, 943, 1226, 1260, 4038, 4110, 4115, 4141, 4190, 4205, 719, 938, 943;
	setarray $@pvs_yitem[1776], 1096, 4240, 7004, 10007, 509, 568, 757, 984, 1039, 1361, 2611, 2619, 4149, 616, 637, 689;
	setarray $@pvs_yitem[1792], 739, 984, 1006, 1055, 1060, 1097, 1520, 1553, 1554, 1555, 1556, 2294, 2407, 2605, 2716, 4113;
	setarray $@pvs_yitem[1808], 4185, 4210, 4253, 5085, 5141, 7005, 7015, 7047, 12002, 12128, 13015, 509, 630, 637, 739, 921;
	setarray $@pvs_yitem[1824], 932, 984, 985, 1006, 1097, 1127, 1162, 1421, 1553, 1554, 1555, 1556, 1715, 2282, 2318, 2333;
	setarray $@pvs_yitem[1840], 2407, 4133, 4136, 4140, 4185, 4187, 4253, 5017, 5085, 7015, 7023, 7033, 7047, 12002, 12128, 509;
	setarray $@pvs_yitem[1856], 637, 739, 932, 984, 984, 985, 1127, 1162, 1170, 1421, 1715, 2125, 2318, 2407, 4133, 4136;
	setarray $@pvs_yitem[1872], 4140, 4187, 4253, 5017, 5085, 7019, 7023, 7047, 12002, 12128, 509, 731, 756, 930, 943, 984;
	setarray $@pvs_yitem[1888], 985, 1226, 1255, 2408, 4115, 4194, 4268, 4275, 509, 510, 568, 731, 756, 930, 943, 984;
	setarray $@pvs_yitem[1904], 1098, 1226, 1255, 1970, 1971, 2320, 2408, 4115, 4194, 4268, 4296, 7007, 7293, 757, 938, 943;
	setarray $@pvs_yitem[1920], 1039, 1096, 2282, 2333, 2619, 4102, 4149, 4240, 510, 568, 757, 984, 1039, 2619, 4149, 4296;
	setarray $@pvs_yitem[1936], 7007, 719, 757, 1039, 2619, 4149, 7004, 10007, 507, 526, 725, 756, 757, 913, 943, 984;
	setarray $@pvs_yitem[1952], 1039, 2619, 4069, 4149, 4234, 7006, 10019, 603, 617, 714, 757, 932, 985, 1715, 4187, 4205;
	setarray $@pvs_yitem[1968], 7005, 508, 509, 510, 511, 514, 518, 521, 607, 608, 621, 704, 710, 711, 714, 757;
	setarray $@pvs_yitem[1984], 905, 906, 984, 985, 1039, 1162, 1421, 2318, 2619, 4140, 4149, 7023, 508, 616, 617, 626;
	setarray $@pvs_yitem[2000], 638, 725, 756, 757, 953, 969, 969, 984, 985, 1148, 1220, 2131, 2279, 2282, 2521, 7068;
	setarray $@pvs_yitem[2016], 10008, 509, 514, 518, 525, 526, 722, 757, 938, 943, 1096, 1472, 1608, 1629, 1716, 1736;
	setarray $@pvs_yitem[2032], 2727, 4238, 5045, 7071, 508, 514, 518, 602, 702, 756, 757, 948, 969, 969, 984, 1028;
	setarray $@pvs_yitem[2048], 2289, 2333, 2717, 2726, 7481, 10006, 509, 568, 603, 603, 604, 695, 714, 727, 732, 757;
	setarray $@pvs_yitem[2064], 938, 1039, 1162, 1260, 1478, 2255, 2324, 2336, 4169, 5017, 7071, 507, 508, 509, 518, 521;
	setarray $@pvs_yitem[2080], 526, 602, 603, 604, 631, 707, 711, 905, 906, 914, 1802, 4217, 4281, 4327, 7161, 508;
	setarray $@pvs_yitem[2096], 517, 526, 537, 548, 550, 602, 603, 604, 707, 711, 756, 757, 905, 906, 914, 1214;
	setarray $@pvs_yitem[2112], 1802, 4217, 4262, 4327, 7171, 509, 520, 521, 548, 550, 578, 631, 757, 905, 906, 984;
	setarray $@pvs_yitem[2128], 1032, 1918, 1951, 4258, 4262, 12002, 508, 509, 510, 511, 514, 517, 518, 520, 521, 526;
	setarray $@pvs_yitem[2144], 537, 578, 607, 608, 621, 704, 710, 714, 756, 905, 906, 938, 1032, 1214, 1951, 4033;
	setarray $@pvs_yitem[2160], 4281, 7150, 7161, 7171, 604, 706, 724, 731, 945, 969, 990, 993, 1032, 1733, 2207, 2253;
	setarray $@pvs_yitem[2176], 4280, 12002, 508, 511, 520, 521, 604, 706, 945, 1032, 1036, 1733, 2207, 2253, 4280, 4344;
	setarray $@pvs_yitem[2192], 4377, 12002, 507, 511, 514, 520, 521, 630, 921, 938, 972, 990, 1002, 1036, 2304, 4016;
	setarray $@pvs_yitem[2208], 4033, 4377, 7033, 508, 509, 510, 511, 514, 520, 521, 604, 621, 704, 706, 707, 711;
	setarray $@pvs_yitem[2224], 756, 905, 906, 914, 945, 985, 1036, 1226, 1733, 4118, 4120, 4158, 4228, 4279, 4344, 4377;
	setarray $@pvs_yitem[2240], 7043, 7123, 7124, 13006, 508, 511, 520, 521, 718, 720, 731, 732, 930, 985, 1036, 1036;
	setarray $@pvs_yitem[2256], 2527, 4344, 4377, 7032, 7296, 508, 511, 514, 521, 619, 621, 704, 707, 711, 905, 906;
	setarray $@pvs_yitem[2272], 914, 938, 1002, 1018, 1202, 1408, 1455, 2310, 4001, 4033, 4341, 5119, 7126, 7312, 7317, 7325;
	setarray $@pvs_yitem[2288], 13101, 13103, 508, 509, 511, 520, 521, 604, 706, 707, 711, 756, 905, 906, 914, 945;
	setarray $@pvs_yitem[2304], 985, 1032, 1036, 1733, 2207, 2253, 4118, 4120, 4158, 4279, 4280, 4344, 4377, 7123, 12002, 13006;
	setarray $@pvs_yitem[2320], 510, 629, 631, 905, 985, 1032, 1731, 1822, 4416, 4420, 4422, 7561, 7564, 7565, 509, 510;
	setarray $@pvs_yitem[2336], 749, 757, 984, 985, 1731, 1819, 4415, 4416, 4417, 7561, 509, 510, 749, 757, 984, 985;
	setarray $@pvs_yitem[2352], 1731, 1819, 4415, 4417, 7561, 507, 514, 537, 603, 714, 725, 756, 757, 913, 1002, 2308;
	setarray $@pvs_yitem[2368], 2339, 2408, 4064, 4069, 4097, 4104, 7006, 7477, 507, 514, 537, 603, 714, 725, 756, 757;
	setarray $@pvs_yitem[2384], 913, 1002, 2308, 2339, 2408, 4064, 4069, 4097, 4104, 7006, 7477, 514, 537, 603, 617, 642;
	setarray $@pvs_yitem[2400], 714, 757, 1105, 1608, 1614, 2522, 2617, 4097, 4099, 4112, 4205, 7110, 7121, 568, 603, 617;
	setarray $@pvs_yitem[2416], 714, 756, 757, 930, 984, 1005, 1105, 1361, 1614, 2522, 2617, 4099, 4126, 4138, 4205, 7110;
	setarray $@pvs_yitem[2432], 7121, 509, 514, 537, 603, 617, 714, 756, 757, 926, 930, 937, 954, 984, 1105, 1120;
	setarray $@pvs_yitem[2448], 1614, 2522, 2617, 4097, 4099, 4117, 4138, 4205, 7110, 7121, 507, 517, 525, 623, 630, 631;
	setarray $@pvs_yitem[2464], 757, 921, 928, 938, 943, 4035, 7033, 507, 517, 525, 623, 630, 631, 757, 921, 928;
	setarray $@pvs_yitem[2480], 938, 943, 4035, 7033, 514, 517, 525, 568, 630, 720, 756, 757, 921, 938, 943, 950;
	setarray $@pvs_yitem[2496], 951, 1007, 1054, 4035, 4093, 4199, 5014, 7033, 509, 517, 525, 568, 720, 756, 757, 938;
	setarray $@pvs_yitem[2512], 951, 956, 1023, 1054, 1520, 2257, 4035, 4077, 4084, 4089, 4105, 4199, 10003, 517, 525, 568;
	setarray $@pvs_yitem[2528], 720, 756, 757, 938, 951, 956, 1054, 1520, 2257, 4035, 4084, 4089, 4199, 5011, 10003, 984;
	setarray $@pvs_yitem[2544], 985, 2656, 4369, 7094, 7317, 7319, 7352, 7353, 7354, 7355, 7356, 7357, 7358, 12127, 12128, 13153;
	setarray $@pvs_yitem[2560], 13156, 13157, 13164, 13167, 13169, 984, 985, 2656, 4369, 7094, 7317, 7319, 7352, 7353, 7354, 7355;
	setarray $@pvs_yitem[2576], 7356, 7357, 7358, 7359, 12127, 12128, 13153, 13157, 13164, 13169, 985, 2656, 4242, 4369, 7093, 7094;
	setarray $@pvs_yitem[2592], 7095, 7317, 7356, 7357, 7358, 7359, 12127, 13157, 13161, 13164, 637, 661, 739, 757, 985, 1270;
	setarray $@pvs_yitem[2608], 2407, 2516, 2517, 2518, 4253, 4401, 4402, 5085, 7047, 7317, 7325, 7507, 7512, 12002, 12128, 13405;
	setarray $@pvs_yitem[2624], 661, 757, 985, 1270, 2516, 2517, 2518, 4401, 4402, 7047, 7317, 7325, 7507, 7512, 12128, 13405;
	setarray $@pvs_yitem[2640], 661, 985, 1270, 2516, 2517, 2518, 4401, 4402, 7047, 7317, 7507, 7512, 12128, 13405, 549, 603;
	setarray $@pvs_yitem[2656], 972, 1002, 1127, 1170, 1220, 1302, 1358, 1608, 1616, 1708, 1716, 2308, 2322, 2324, 2333, 2402;
	setarray $@pvs_yitem[2672], 2607, 2620, 4341, 4344, 4354, 7005, 7126, 7312, 7317, 7319, 7325, 12006, 12040, 13004, 13103, 13159;
	setarray $@pvs_yitem[2688], 549, 603, 972, 1127, 1170, 1220, 1264, 1284, 1302, 1358, 1608, 1616, 1708, 1716, 2308, 2322;
	setarray $@pvs_yitem[2704], 2324, 2333, 2336, 2402, 2607, 2620, 4354, 4360, 7005, 7319, 12006, 12040, 13004, 13159, 603, 617;
	setarray $@pvs_yitem[2720], 1264, 1284, 1311, 1361, 1646, 1647, 1711, 1745, 2104, 2318, 2327, 2336, 4360, 4364, 4366, 5085;
	setarray $@pvs_yitem[2736], 12007, 12014, 13421, 507, 508, 511, 521, 621, 704, 707, 711, 905, 906, 914, 1002, 1018;
	setarray $@pvs_yitem[2752], 1408, 1455, 2310, 4341, 5119, 7126, 7312, 7317, 7325, 13101, 13103, 508, 511, 521, 621, 704;
	setarray $@pvs_yitem[2768], 707, 711, 905, 906, 914, 943, 993, 1002, 1018, 1408, 1452, 1455, 2310, 4045, 4341, 4344;
	setarray $@pvs_yitem[2784], 5119, 7126, 7312, 7317, 7325, 13101, 13103, 507, 509, 510, 511, 521, 608, 621, 704, 706;
	setarray $@pvs_yitem[2800], 711, 756, 905, 906, 914, 943, 993, 1002, 1408, 1452, 1455, 1968, 2310, 4045, 4341, 4344;
	setarray $@pvs_yitem[2816], 4345, 7126, 7312, 7317, 7325, 13103, 508, 509, 510, 518, 549, 607, 608, 630, 633, 710;
	setarray $@pvs_yitem[2832], 714, 756, 757, 921, 926, 937, 948, 953, 954, 969, 1120, 2279, 2289, 2717, 4103, 4117;
	setarray $@pvs_yitem[2848], 4162, 4231, 7004, 7033, 7267, 7268, 603, 609, 617, 714, 757, 901, 985, 1036, 1558, 2337;
	setarray $@pvs_yitem[2864], 4090, 4205, 7268, 7277, 518, 609, 985, 1023, 1036, 1806, 7268, 7277, 12395, 507, 508, 518;
	setarray $@pvs_yitem[2880], 630, 707, 711, 756, 757, 905, 906, 914, 921, 926, 937, 943, 948, 969, 993, 1408;
	setarray $@pvs_yitem[2896], 1455, 2289, 2310, 4074, 4079, 4231, 7004, 7033, 509, 549, 690, 756, 757, 948, 1818, 4162;
	setarray $@pvs_yitem[2912], 4267, 7006, 7096, 7097, 7098, 7122, 509, 510, 525, 695, 904, 984, 1036, 1039, 2605, 4158;
	setarray $@pvs_yitem[2928], 4166, 4279, 7097, 7098, 7120, 7123, 7125, 732, 905, 943, 993, 1268, 1740, 1741, 1825, 1926;
	setarray $@pvs_yitem[2944], 1979, 2440, 2746, 2747, 4447, 943, 953, 1544, 1741, 1925, 2138, 2746, 2747, 4442, 4447, 7067;
	setarray $@pvs_yitem[2960], 943, 985, 1268, 1483, 1544, 1741, 1825, 1925, 2133, 2257, 2440, 2746, 2747, 4442, 4447, 5398;
	setarray $@pvs_yitem[2976], 507, 514, 701, 913, 1018, 1105, 2209, 4028, 4046, 10010, 507, 725, 756, 757, 913, 1002;
	setarray $@pvs_yitem[2992], 1018, 2227, 4046, 4069, 4087, 4092, 7006, 10010, 510, 514, 568, 756, 757, 984, 1002, 1018;
	setarray $@pvs_yitem[3008], 2227, 4046, 4087, 4092, 4296, 7007, 10005, 10010, 508, 509, 510, 511, 514, 518, 521, 578;
	setarray $@pvs_yitem[3024], 602, 607, 608, 621, 704, 710, 711, 714, 757, 905, 906, 914, 943, 993, 1002, 1408;
	setarray $@pvs_yitem[3040], 1452, 1455, 2207, 2310, 2322, 2402, 2502, 4039, 4040, 4041, 4045, 507, 509, 510, 511, 514;
	setarray $@pvs_yitem[3056], 518, 521, 602, 621, 629, 704, 711, 756, 905, 906, 914, 938, 1032, 2207, 2253, 2322;
	setarray $@pvs_yitem[3072], 4019, 4033, 4040, 4080, 4118, 507, 508, 509, 510, 511, 514, 518, 521, 602, 607, 608;
	setarray $@pvs_yitem[3088], 621, 629, 704, 710, 714, 757, 905, 906, 938, 943, 985, 993, 1032, 1036, 2207, 2253;
	setarray $@pvs_yitem[3104], 2322, 4033, 4040, 4075, 4079, 4080, 4120, 10017, 13006, 507, 508, 509, 510, 511, 514, 518;
	setarray $@pvs_yitem[3120], 521, 607, 608, 621, 629, 704, 710, 714, 719, 757, 905, 906, 938, 943, 993, 1032;
	setarray $@pvs_yitem[3136], 2253, 4019, 4033, 4079, 4080, 4114, 507, 508, 509, 510, 511, 514, 518, 521, 607, 608;
	setarray $@pvs_yitem[3152], 629, 704, 710, 711, 714, 719, 757, 905, 906, 914, 938, 943, 993, 1032, 2253, 4033;
	setarray $@pvs_yitem[3168], 4075, 4079, 4080, 4114, 10017, 510, 511, 514, 578, 630, 711, 757, 905, 906, 914, 921;
	setarray $@pvs_yitem[3184], 938, 943, 972, 990, 993, 1002, 1408, 1452, 1455, 2310, 2402, 2502, 4033, 4039, 4041, 4045;
	setarray $@pvs_yitem[3200], 7033, 510, 511, 514, 518, 521, 578, 621, 630, 704, 711, 757, 905, 906, 914, 921;
	setarray $@pvs_yitem[3216], 938, 943, 946, 972, 990, 993, 1002, 1452, 2221, 2402, 2502, 4019, 4032, 4033, 4041, 4045;
	setarray $@pvs_yitem[3232], 4048, 7033, 507, 508, 510, 511, 514, 521, 619, 621, 704, 711, 719, 757, 905, 906;
	setarray $@pvs_yitem[3248], 938, 943, 993, 1202, 4001, 4033, 4075, 4079, 4114, 10017, 511, 514, 517, 578, 630, 757;
	setarray $@pvs_yitem[3264], 914, 921, 938, 943, 972, 990, 993, 1002, 1452, 2308, 2402, 2502, 4033, 4039, 4041, 4045;
	setarray $@pvs_yitem[3280], 7033, 507, 508, 509, 510, 511, 514, 518, 521, 607, 608, 621, 629, 704, 710, 714;
	setarray $@pvs_yitem[3296], 756, 757, 905, 906, 938, 943, 993, 1032, 2253, 4033, 4075, 4079, 4080, 4118, 10017, 508;
	setarray $@pvs_yitem[3312], 510, 511, 514, 521, 621, 629, 704, 706, 711, 719, 757, 905, 906, 928, 938, 993;
	setarray $@pvs_yitem[3328], 1032, 1967, 2253, 4030, 4033, 4080, 4114, 507, 509, 608, 756, 928, 1002, 1108, 1968, 507;
	setarray $@pvs_yitem[3344], 508, 517, 582, 619, 620, 707, 711, 905, 906, 914, 938, 1002, 1202, 2302, 4001, 4007;
	setarray $@pvs_yitem[3360], 4013, 13011, 507, 508, 511, 521, 582, 620, 621, 704, 707, 711, 905, 906, 914, 938;
	setarray $@pvs_yitem[3376], 1002, 2302, 2402, 4007, 4013, 4031, 507, 508, 511, 514, 521, 604, 621, 626, 662, 690;
	setarray $@pvs_yitem[3392], 704, 725, 757, 905, 906, 938, 990, 1148, 2329, 2521, 4010, 4033, 4052, 4070, 7032, 507;
	setarray $@pvs_yitem[3408], 508, 620, 707, 711, 905, 906, 914, 938, 2302, 4007, 10012, 507, 508, 509, 510, 511;
	setarray $@pvs_yitem[3424], 518, 607, 608, 632, 710, 714, 757, 938, 953, 990, 993, 1002, 1055, 1147, 4013, 4036;
	setarray $@pvs_yitem[3440], 4043, 4081, 12127, 507, 508, 620, 707, 711, 905, 906, 914, 938, 2302, 4007, 10012, 507;
	setarray $@pvs_yitem[3456], 508, 509, 511, 514, 517, 578, 620, 630, 707, 711, 756, 905, 906, 914, 921, 926;
	setarray $@pvs_yitem[3472], 937, 938, 954, 972, 990, 1120, 1455, 4033, 4037, 4082, 4117, 7033, 508, 632, 757, 938;
	setarray $@pvs_yitem[3488], 990, 993, 1002, 1055, 1147, 1257, 4013, 4043, 4081, 7043, 12127, 507, 508, 510, 514, 632;
	setarray $@pvs_yitem[3504], 707, 711, 757, 904, 905, 906, 914, 938, 943, 990, 993, 1002, 1055, 1147, 4013, 4042;
	setarray $@pvs_yitem[3520], 4081, 4088, 12127, 507, 507, 508, 511, 707, 711, 719, 756, 757, 905, 906, 914, 938;
	setarray $@pvs_yitem[3536], 943, 990, 993, 1002, 1205, 1226, 1914, 2607, 4013, 4036, 4042, 4115, 507, 508, 620, 707;
	setarray $@pvs_yitem[3552], 757, 904, 938, 943, 984, 985, 990, 993, 1002, 1182, 1541, 1914, 2111, 2129, 2130, 2302;
	setarray $@pvs_yitem[3568], 2536, 2537, 4013, 4043, 7798, 7799, 10012, 509, 757, 953, 984, 985, 985, 1182, 1541, 1818;
	setarray $@pvs_yitem[3584], 2111, 2129, 2130, 2536, 2537, 4223, 7004, 7096, 7097, 7798, 7799, 984, 985, 1182, 1541, 2111;
	setarray $@pvs_yitem[3600], 2129, 2130, 2536, 2537, 7798, 7799, 507, 511, 514, 913, 938, 1105, 2209, 4033, 507, 508;
	setarray $@pvs_yitem[3616], 511, 514, 525, 725, 731, 732, 733, 756, 913, 930, 932, 938, 954, 1214, 1708, 2233;
	setarray $@pvs_yitem[3632], 2285, 2604, 2611, 4033, 4069, 4086, 4094, 4106, 4116, 7006, 507, 508, 509, 514, 525, 537;
	setarray $@pvs_yitem[3648], 603, 617, 639, 714, 725, 756, 757, 913, 929, 930, 2604, 2611, 4069, 4097, 4106, 4107;
	setarray $@pvs_yitem[3664], 4205, 7006, 508, 514, 525, 537, 603, 617, 714, 731, 732, 733, 756, 757, 930, 954;
	setarray $@pvs_yitem[3680], 2233, 2604, 2611, 4097, 4106, 4116, 4205, 4248, 508, 509, 525, 568, 639, 756, 929, 930;
	setarray $@pvs_yitem[3696], 1005, 1361, 2604, 2611, 4106, 4107, 4126, 508, 509, 603, 617, 639, 714, 756, 757, 929;
	setarray $@pvs_yitem[3712], 930, 938, 943, 1096, 2611, 4107, 4205, 4240, 4248, 507, 510, 511, 514, 521, 711, 757;
	setarray $@pvs_yitem[3728], 905, 938, 943, 993, 2719, 4033, 4079, 7032, 7100, 510, 511, 520, 521, 539, 603, 621;
	setarray $@pvs_yitem[3744], 711, 905, 918, 1573, 1630, 2719, 7032, 7099, 7100, 7226, 508, 509, 510, 518, 520, 521;
	setarray $@pvs_yitem[3760], 539, 603, 607, 608, 621, 629, 631, 707, 710, 711, 714, 905, 906, 914, 918, 1573;
	setarray $@pvs_yitem[3776], 1630, 7099, 7226, 507, 508, 509, 518, 521, 619, 631, 707, 711, 756, 757, 905, 906;
	setarray $@pvs_yitem[3792], 914, 938, 943, 948, 993, 1202, 1408, 1455, 2289, 2310, 4001, 4074, 4079, 509, 511, 537;
	setarray $@pvs_yitem[3808], 756, 932, 938, 1260, 1268, 4110, 4438, 4439, 7005, 13027, 13028, 13107, 13170, 518, 604, 724;
	setarray $@pvs_yitem[3824], 756, 757, 2502, 2529, 2614, 4278, 4321, 5113, 7205, 7209, 7210, 7212, 7213, 7215, 7216, 7217;
	setarray $@pvs_yitem[3840], 7220, 7221, 604, 724, 757, 984, 985, 1229, 2282, 2288, 2614, 2718, 4191, 4278, 4321, 5113;
	setarray $@pvs_yitem[3856], 7019, 7206, 7209, 7210, 7212, 7213, 7214, 7215, 7217, 7219, 7220, 7223, 12001, 13002, 604, 724;
	setarray $@pvs_yitem[3872], 756, 757, 2282, 2614, 4278, 4321, 5113, 7205, 7209, 7210, 7212, 7213, 7215, 7217, 7220, 12001;
	setarray $@pvs_yitem[3888], 518, 972, 1036, 1188, 1384, 1548, 6086, 7032, 7100, 7123, 508, 510, 511, 514, 521, 604;
	setarray $@pvs_yitem[3904], 621, 704, 706, 707, 711, 724, 731, 739, 757, 905, 906, 914, 945, 969, 990, 993;
	setarray $@pvs_yitem[3920], 1271, 1733, 2308, 7511, 510, 514, 617, 711, 731, 739, 757, 905, 906, 969, 1271, 2001;
	setarray $@pvs_yitem[3936], 2115, 2254, 2308, 2322, 7510, 7511, 7511, 508, 509, 510, 514, 518, 607, 608, 617, 710;
	setarray $@pvs_yitem[3952], 711, 714, 731, 739, 757, 905, 906, 969, 1271, 2001, 2115, 2254, 2308, 2322, 7510, 7511;
	setarray $@pvs_yitem[3968], 7511, 507, 509, 511, 514, 521, 630, 631, 714, 725, 756, 757, 905, 906, 913, 921;
	setarray $@pvs_yitem[3984], 922, 932, 938, 943, 1002, 1105, 1358, 2209, 4042, 4069, 4071, 4085, 7006, 7033, 507, 508;
	setarray $@pvs_yitem[4000], 509, 511, 521, 630, 631, 640, 725, 756, 757, 905, 906, 913, 921, 922, 932, 938;
	setarray $@pvs_yitem[4016], 943, 1002, 1006, 1044, 1063, 1358, 1734, 4042, 4069, 4085, 7006, 7033, 507, 511, 514, 630;
	setarray $@pvs_yitem[4032], 711, 724, 727, 905, 906, 913, 914, 921, 932, 938, 1105, 2209, 4025, 4033, 4038, 7033;
	setarray $@pvs_yitem[4048], 507, 630, 711, 725, 756, 757, 905, 906, 913, 914, 921, 932, 1214, 1708, 2285, 4069;
	setarray $@pvs_yitem[4064], 4070, 4086, 4094, 7006, 7032, 7033, 507, 508, 509, 511, 514, 517, 521, 525, 526, 603;
	setarray $@pvs_yitem[4080], 604, 609, 618, 630, 631, 706, 711, 756, 901, 905, 906, 914, 921, 932, 938, 993;
	setarray $@pvs_yitem[4096], 1094, 1214, 1558, 1708, 1967, 2285, 2337, 4030, 4033, 4035, 4086, 4090, 4094, 4159, 7014, 7033;
	setarray $@pvs_yitem[4112], 507, 508, 509, 510, 511, 514, 517, 521, 525, 526, 603, 604, 609, 618, 621, 631;
	setarray $@pvs_yitem[4128], 662, 704, 706, 707, 711, 756, 901, 905, 906, 914, 938, 993, 1094, 1558, 1967, 2277;
	setarray $@pvs_yitem[4144], 2282, 2333, 2337, 4030, 4035, 4090, 4100, 4159, 7014, 507, 508, 509, 510, 518, 521, 525;
	setarray $@pvs_yitem[4160], 526, 603, 604, 607, 608, 616, 617, 631, 633, 638, 662, 710, 711, 714, 756, 757;
	setarray $@pvs_yitem[4176], 905, 906, 914, 932, 953, 969, 969, 984, 985, 1005, 1220, 1613, 1708, 2279, 2282, 2285;
	setarray $@pvs_yitem[4192], 4094, 4098, 4103, 4159, 7068, 10008, 507, 510, 511, 514, 521, 578, 619, 621, 630, 704;
	setarray $@pvs_yitem[4208], 743, 905, 906, 921, 938, 1202, 4001, 4010, 4022, 4033, 7033, 507, 510, 511, 514, 517;
	setarray $@pvs_yitem[4224], 521, 578, 621, 630, 704, 743, 905, 906, 921, 926, 937, 938, 954, 972, 990, 2308;
	setarray $@pvs_yitem[4240], 4022, 4033, 4037, 7033, 507, 511, 521, 619, 621, 630, 704, 705, 905, 906, 915, 921;
	setarray $@pvs_yitem[4256], 938, 972, 990, 1002, 1202, 4001, 4003, 4010, 7033, 508, 509, 509, 510, 511, 514, 518;
	setarray $@pvs_yitem[4272], 521, 529, 531, 603, 604, 607, 608, 619, 619, 620, 621, 695, 704, 710, 714, 714;
	setarray $@pvs_yitem[4288], 720, 722, 905, 906, 938, 983, 1039, 1202, 2254, 2255, 2257, 2282, 2324, 2336, 4001, 4033;
	setarray $@pvs_yitem[4304], 5035, 7023, 510, 511, 514, 521, 602, 621, 704, 905, 906, 921, 938, 943, 972, 1096;
	setarray $@pvs_yitem[4320], 2207, 2221, 4033, 4048, 7033, 7064, 507, 508, 509, 510, 511, 514, 518, 521, 578, 607;
	setarray $@pvs_yitem[4336], 608, 621, 630, 704, 710, 714, 743, 905, 906, 921, 928, 938, 972, 990, 993, 1002;
	setarray $@pvs_yitem[4352], 1108, 1408, 4022, 4033, 4034, 7033, 10015, 507, 511, 514, 518, 521, 604, 621, 690, 704;
	setarray $@pvs_yitem[4368], 756, 757, 905, 906, 938, 948, 990, 2289, 2329, 4010, 4033, 4052, 4070, 4074, 7032, 507;
	setarray $@pvs_yitem[4384], 508, 509, 510, 511, 518, 521, 578, 607, 608, 619, 621, 704, 710, 714, 743, 905;
	setarray $@pvs_yitem[4400], 906, 915, 921, 938, 1002, 1202, 4001, 4003, 4010, 4022, 7033, 508, 509, 510, 511, 514;
	setarray $@pvs_yitem[4416], 518, 521, 607, 608, 621, 704, 710, 714, 756, 905, 906, 938, 945, 948, 2289, 4033;
	setarray $@pvs_yitem[4432], 4044, 4074, 508, 510, 511, 514, 521, 525, 526, 603, 604, 621, 662, 704, 711, 756;
	setarray $@pvs_yitem[4448], 757, 905, 906, 921, 969, 972, 1005, 1613, 2221, 4048, 4098, 4159, 7033, 508, 525, 526;
	setarray $@pvs_yitem[4464], 602, 603, 604, 630, 662, 756, 921, 943, 972, 990, 1096, 2207, 4159, 7033, 7064, 507;
	setarray $@pvs_yitem[4480], 508, 509, 510, 511, 518, 521, 602, 607, 608, 619, 621, 704, 705, 710, 714, 905;
	setarray $@pvs_yitem[4496], 906, 914, 915, 938, 1002, 1202, 2207, 2322, 4001, 4002, 4003, 4019, 4040, 507, 510, 511;
	setarray $@pvs_yitem[4512], 514, 521, 619, 621, 704, 705, 711, 905, 906, 914, 915, 938, 1002, 1202, 2304, 4001;
	setarray $@pvs_yitem[4528], 4002, 4003, 4016, 507, 507, 508, 509, 510, 511, 518, 607, 608, 619, 705, 706, 706;
	setarray $@pvs_yitem[4544], 710, 711, 714, 727, 905, 914, 915, 938, 993, 1002, 1202, 1967, 2355, 4001, 4002, 4003;
	setarray $@pvs_yitem[4560], 4030, 508, 510, 511, 514, 521, 578, 607, 621, 704, 711, 756, 905, 906, 938, 945;
	setarray $@pvs_yitem[4576], 985, 4033, 4044, 4051, 511, 518, 520, 521, 602, 619, 621, 704, 905, 906, 915, 938;
	setarray $@pvs_yitem[4592], 1002, 1202, 1402, 2207, 2322, 2420, 4001, 4003, 4040, 507, 510, 511, 514, 521, 619, 621;
	setarray $@pvs_yitem[4608], 704, 705, 711, 905, 906, 915, 938, 1002, 1202, 2304, 4001, 4003, 4016, 507, 511, 521;
	setarray $@pvs_yitem[4624], 619, 621, 704, 705, 905, 906, 915, 938, 1002, 1202, 2304, 4001, 4003, 4016, 511, 514;
	setarray $@pvs_yitem[4640], 520, 630, 921, 938, 1402, 2420, 4033, 7033, 507, 619, 620, 705, 915, 938, 1002, 1202;
	setarray $@pvs_yitem[4656], 4001, 4003, 507, 508, 517, 582, 627, 707, 711, 905, 906, 914, 917, 1302, 1702, 2302;
	setarray $@pvs_yitem[4672], 4007, 4015, 13011, 507, 508, 509, 510, 511, 514, 517, 518, 526, 607, 608, 627, 630;
	setarray $@pvs_yitem[4688], 702, 710, 714, 757, 921, 938, 972, 990, 1002, 1028, 1302, 2304, 4016, 4033, 4078, 7033;
	setarray $@pvs_yitem[4704], 507, 508, 514, 630, 756, 757, 921, 972, 990, 993, 1508, 2104, 7033, 13104, 13158, 507;
	setarray $@pvs_yitem[4720], 508, 509, 510, 511, 514, 517, 518, 520, 521, 526, 578, 602, 607, 608, 619, 626;
	setarray $@pvs_yitem[4736], 630, 631, 702, 705, 707, 710, 711, 714, 719, 725, 756, 757, 905, 906, 914, 915;
	setarray $@pvs_yitem[4752], 921, 926, 928, 937, 938, 943, 945, 948, 954, 972, 985, 990, 993, 1002, 1018, 1028;
	setarray $@pvs_yitem[4768], 1120, 1148, 1202, 1205, 1226, 1402, 1408, 1452, 1455, 2207, 2289, 2308, 2310, 2322, 2402, 2502;
	setarray $@pvs_yitem[4784], 2521, 4001, 4002, 4003, 4033, 4037, 4039, 4040, 4041, 4042, 4044, 4045, 4046, 4051, 4074, 4075;
	setarray $@pvs_yitem[4800], 4078, 4079, 4114, 4115, 4117, 7033, 10010, 10017, 509, 511, 514, 518, 727, 756, 757, 938;
	setarray $@pvs_yitem[4816], 948, 969, 2289, 2717, 4033, 4074, 507, 507, 508, 509, 510, 511, 514, 518, 531, 603;
	setarray $@pvs_yitem[4832], 604, 607, 608, 619, 626, 630, 695, 706, 707, 710, 711, 714, 714, 722, 725, 727;
	setarray $@pvs_yitem[4848], 756, 757, 905, 906, 914, 921, 926, 937, 938, 943, 954, 972, 984, 990, 993, 1120;
	setarray $@pvs_yitem[4864], 1148, 1226, 1464, 1968, 2257, 2336, 2355, 2420, 2521, 4033, 4079, 4115, 4117, 7033, 507, 514;
	setarray $@pvs_yitem[4880], 701, 913, 915, 938, 1002, 1105, 2209, 2304, 4016, 4028, 507, 510, 514, 578, 630, 701;
	setarray $@pvs_yitem[4896], 743, 913, 915, 921, 928, 938, 1002, 1105, 1108, 2209, 2304, 4016, 4022, 4028, 7033, 507;
	setarray $@pvs_yitem[4912], 508, 510, 511, 514, 701, 913, 915, 921, 928, 938, 972, 1002, 1105, 1108, 2209, 2221;
	setarray $@pvs_yitem[4928], 2304, 4016, 4028, 4048, 7033, 507, 508, 510, 568, 725, 756, 913, 915, 928, 938, 984;
	setarray $@pvs_yitem[4944], 1002, 1108, 2304, 4016, 4069, 4296, 7006, 7007, 621, 629, 631, 905, 938, 984, 1032, 1452;
	setarray $@pvs_yitem[4960], 2207, 2253, 4280, 4420, 4421, 7048, 7564, 7565, 12002, 621, 629, 631, 905, 938, 1032, 4420;
	setarray $@pvs_yitem[4976], 4421, 7564, 7565, 621, 905, 938, 993, 1032, 1821, 1822, 4421, 4422, 7126, 7312, 7564, 7564;
	setarray $@pvs_yitem[4992], 7565, 624, 993, 1821, 1822, 4257, 4422, 5037, 7126, 7312, 7564, 7564, 510, 621, 905, 938;
	setarray $@pvs_yitem[5008], 1032, 2207, 2253, 4280, 4345, 4421, 7565, 12002, 510, 621, 905, 938, 1032, 4344, 4345, 4421;
	setarray $@pvs_yitem[5024], 7565, 993, 1821, 1822, 4422, 7126, 7312, 7564, 7564, 620, 621, 905, 938, 993, 1032, 1821;
	setarray $@pvs_yitem[5040], 4421, 7126, 7312, 7565, 508, 510, 621, 905, 938, 1002, 1032, 1820, 4325, 4341, 4345, 4421;
	setarray $@pvs_yitem[5056], 7126, 7312, 7317, 7325, 7565, 13103, 993, 1821, 1822, 4422, 7126, 7312, 7564, 7564, 507, 508;
	setarray $@pvs_yitem[5072], 620, 707, 711, 905, 906, 914, 938, 993, 1821, 1822, 4422, 7126, 7312, 7564, 507, 508;
	setarray $@pvs_yitem[5088], 511, 514, 620, 707, 711, 905, 906, 914, 938, 993, 1821, 4033, 7126, 7312, 620, 938;
	setarray $@pvs_yitem[5104], 993, 1821, 1822, 4422, 7126, 7312, 7564, 526, 576, 603, 719, 938, 985, 2422, 2426, 2601;
	setarray $@pvs_yitem[5120], 2610, 4411, 4412, 4413, 5172, 7568, 13027, 526, 576, 603, 719, 938, 985, 1375, 2422, 2426;
	setarray $@pvs_yitem[5136], 2601, 2610, 4411, 4412, 4413, 4414, 5172, 7568, 13027, 576, 603, 719, 938, 985, 1375, 2426;
	setarray $@pvs_yitem[5152], 4413, 4414, 608, 938, 985, 1375, 2109, 2366, 2422, 2426, 4409, 4413, 4414, 5172, 7567, 12183;
	setarray $@pvs_yitem[5168], 608, 938, 985, 1375, 2109, 2366, 2422, 2426, 2601, 2610, 4409, 4412, 4413, 4414, 5172, 7567;
	setarray $@pvs_yitem[5184], 7568, 12183, 714, 969, 984, 985, 1002, 1484, 2390, 2391, 7093, 7094, 7095, 7126, 7312, 7317;
	setarray $@pvs_yitem[5200], 7321, 7325, 13038, 13156, 13167, 13414, 926, 954, 1408, 1420, 1485, 1980, 2134, 2257, 2387, 2389;
	setarray $@pvs_yitem[5216], 2743, 4448, 7100, 518, 526, 943, 1980, 2744, 7100, 518, 526, 926, 943, 954, 1408, 1420;
	setarray $@pvs_yitem[5232], 1485, 1637, 2134, 2257, 2387, 2389, 2544, 2743, 2744, 4448, 6033, 7197, 603, 617, 637, 714;
	setarray $@pvs_yitem[5248], 718, 731, 739, 757, 993, 1006, 1097, 1553, 1554, 1555, 1556, 1910, 2407, 4185, 4205, 4253;
	setarray $@pvs_yitem[5264], 5085, 7015, 7047, 12002, 12040, 12128, 603, 616, 617, 637, 714, 731, 739, 757, 1006, 1097;
	setarray $@pvs_yitem[5280], 1473, 1553, 1554, 1555, 1556, 2407, 2418, 2610, 4185, 4205, 4251, 4253, 4387, 4388, 5085, 7015;
	setarray $@pvs_yitem[5296], 7027, 7047, 7099, 7117, 12002, 12040, 12128, 603, 616, 617, 714, 722, 724, 731, 757, 1006;
	setarray $@pvs_yitem[5312], 1097, 1473, 1553, 1554, 1555, 1556, 2418, 2610, 4185, 4205, 4251, 4387, 4388, 7005, 7015, 7027;
	setarray $@pvs_yitem[5328], 7099, 7117, 12040, 603, 616, 617, 714, 731, 757, 990, 1006, 1097, 1472, 1473, 1553, 1554;
	setarray $@pvs_yitem[5344], 1555, 1556, 1629, 1716, 2418, 2610, 4185, 4205, 4237, 4238, 4251, 4387, 4388, 5045, 7015, 7027;
	setarray $@pvs_yitem[5360], 7071, 7099, 7117, 12040, 603, 616, 616, 617, 724, 731, 731, 732, 990, 993, 1097, 1472;
	setarray $@pvs_yitem[5376], 1473, 1629, 1716, 2418, 2610, 4237, 4238, 4251, 4387, 4388, 5045, 5128, 7015, 7027, 7071, 7099;
	setarray $@pvs_yitem[5392], 7117, 603, 616, 616, 617, 724, 731, 731, 732, 990, 993, 1097, 1472, 1473, 1629, 1716;
	setarray $@pvs_yitem[5408], 2354, 2418, 2610, 4237, 4238, 4251, 4387, 4388, 5045, 7015, 7027, 7071, 7099, 7117, 603, 616;
	setarray $@pvs_yitem[5424], 617, 718, 722, 731, 732, 1097, 1910, 2418, 2419, 2610, 4387, 4388, 7005, 7015, 12040, 603;
	setarray $@pvs_yitem[5440], 616, 617, 718, 722, 731, 732, 1097, 1910, 2418, 2520, 2610, 4387, 4388, 7005, 7015, 7438;
	setarray $@pvs_yitem[5456], 12040, 616, 718, 722, 731, 731, 732, 990, 1910, 5128, 7005, 12040, 616, 718, 722, 731;
	setarray $@pvs_yitem[5472], 731, 732, 1910, 2354, 7005, 12040, 616, 718, 722, 731, 731, 732, 993, 1910, 2419, 7005;
	setarray $@pvs_yitem[5488], 12040, 718, 722, 731, 731, 732, 969, 1910, 7005, 12040, 603, 757, 1176, 1270, 1370, 1376;
	setarray $@pvs_yitem[5504], 1730, 1920, 2122, 2344, 2530, 4426, 4429, 4432, 5096, 7069, 7097, 7097, 7098, 7110, 7122, 7122;
	setarray $@pvs_yitem[5520], 12374, 13027, 13303, 690, 757, 1176, 1370, 1376, 1732, 1920, 2122, 4429, 4432, 7069, 7097, 7097;
	setarray $@pvs_yitem[5536], 7098, 7122, 12374, 13303, 603, 1176, 1270, 1370, 1730, 1920, 2122, 2344, 2530, 4426, 4429, 5096;
	setarray $@pvs_yitem[5552], 7069, 7097, 7110, 7122, 13027, 507, 510, 511, 517, 525, 623, 756, 921, 928, 932, 938;
	setarray $@pvs_yitem[5568], 972, 2221, 2282, 2287, 2333, 4035, 4048, 4102, 7033, 7477, 507, 517, 525, 603, 603, 604;
	setarray $@pvs_yitem[5584], 616, 617, 623, 695, 714, 714, 719, 756, 757, 928, 932, 938, 984, 1060, 1258, 1520;
	setarray $@pvs_yitem[5600], 2282, 2287, 2294, 2333, 2336, 2407, 2605, 4035, 4102, 4113, 4205, 4210, 4314, 5141, 7005, 7013;
	setarray $@pvs_yitem[5616], 7477, 13015, 507, 508, 509, 510, 511, 602, 702, 725, 756, 908, 918, 943, 1055, 1096;
	setarray $@pvs_yitem[5632], 2207, 4058, 4311, 4315, 7064, 7070, 507, 508, 518, 526, 689, 702, 756, 1055, 4311, 4315;
	setarray $@pvs_yitem[5648], 7067, 7070, 507, 508, 526, 603, 689, 697, 4311, 7068, 7069, 7070, 7072, 13300, 507, 508;
	setarray $@pvs_yitem[5664], 526, 603, 616, 689, 697, 984, 4210, 4311, 7005, 7068, 7069, 7070, 7072, 13015, 13300, 507;
	setarray $@pvs_yitem[5680], 508, 526, 603, 689, 4311, 7069, 7070, 7072, 13300, 508, 511, 517, 521, 621, 704, 707;
	setarray $@pvs_yitem[5696], 711, 756, 905, 906, 914, 4260, 7049, 7196, 7200, 507, 508, 509, 510, 518, 604, 607;
	setarray $@pvs_yitem[5712], 608, 707, 710, 711, 714, 757, 905, 906, 914, 921, 1951, 1964, 4180, 4260, 7049, 7100;
	setarray $@pvs_yitem[5728], 7197, 7200, 507, 508, 509, 510, 511, 517, 518, 521, 607, 608, 621, 704, 707, 710;
	setarray $@pvs_yitem[5744], 711, 714, 756, 905, 906, 914, 928, 1820, 1951, 1964, 1968, 4325, 7100, 7196, 7197, 507;
	setarray $@pvs_yitem[5760], 508, 517, 521, 578, 607, 629, 704, 707, 711, 756, 905, 906, 914, 928, 985, 1032;
	setarray $@pvs_yitem[5776], 2253, 2402, 2502, 4041, 4080, 7049, 7196, 508, 509, 510, 511, 514, 518, 521, 602, 607;
	setarray $@pvs_yitem[5792], 608, 621, 704, 710, 711, 714, 756, 905, 906, 943, 984, 1096, 1452, 2207, 4252, 7048;
	setarray $@pvs_yitem[5808], 7064, 7194, 507, 508, 607, 707, 711, 905, 906, 914, 928, 943, 985, 993, 1452, 4045;
	setarray $@pvs_yitem[5824], 4260, 7049, 7200, 507, 508, 509, 510, 511, 514, 518, 607, 608, 620, 707, 710, 711;
	setarray $@pvs_yitem[5840], 714, 756, 905, 906, 914, 926, 937, 938, 954, 993, 1002, 1120, 1821, 4036, 4117, 7126;
	setarray $@pvs_yitem[5856], 7312, 507, 508, 509, 514, 526, 702, 707, 711, 756, 757, 905, 906, 914, 926, 937;
	setarray $@pvs_yitem[5872], 954, 993, 1028, 1120, 1821, 1822, 4078, 4117, 4422, 7126, 7312, 7564, 507, 508, 707, 711;
	setarray $@pvs_yitem[5888], 756, 757, 905, 906, 914, 993, 1226, 1257, 1821, 4228, 4432, 7043, 7097, 7124, 7126, 7312;
	setarray $@pvs_yitem[5904], 508, 510, 514, 517, 629, 631, 707, 711, 756, 905, 906, 914, 993, 1032, 1821, 1822;
	setarray $@pvs_yitem[5920], 4082, 4420, 4422, 7126, 7312, 7564, 7565, 508, 509, 510, 518, 521, 607, 608, 621, 631;
	setarray $@pvs_yitem[5936], 710, 714, 756, 757, 905, 906, 938, 1032, 1226, 1257, 1822, 4228, 4421, 4422, 7043, 7124;
	setarray $@pvs_yitem[5952], 7564, 7564, 7565, 508, 509, 514, 521, 631, 756, 757, 905, 906, 926, 937, 938, 954;
	setarray $@pvs_yitem[5968], 966, 993, 1120, 1821, 4117, 4273, 7013, 7049, 7126, 7312, 507, 508, 509, 510, 511, 514;
	setarray $@pvs_yitem[5984], 529, 530, 531, 538, 539, 603, 619, 619, 620, 714, 720, 722, 722, 731, 938, 979;
	setarray $@pvs_yitem[6000], 1202, 2254, 2257, 2282, 2324, 2402, 2502, 4001, 4033, 4235, 5035, 7035, 10019, 11002, 12001, 507;
	setarray $@pvs_yitem[6016], 529, 530, 538, 539, 603, 722, 731, 749, 756, 979, 1098, 2251, 2402, 2502, 4235, 7270;
	setarray $@pvs_yitem[6032], 11002, 12001, 509, 510, 529, 720, 727, 749, 757, 938, 948, 5035, 7270, 507, 508, 509;
	setarray $@pvs_yitem[6048], 510, 511, 514, 518, 521, 607, 608, 621, 631, 704, 707, 710, 711, 714, 905, 906;
	setarray $@pvs_yitem[6064], 914, 507, 508, 509, 510, 511, 514, 518, 521, 582, 607, 608, 619, 621, 704, 707;
	setarray $@pvs_yitem[6080], 710, 711, 714, 905, 906, 914, 928, 938, 969, 1202, 4001, 4033, 4161, 507, 508, 511;
	setarray $@pvs_yitem[6096], 521, 621, 624, 704, 707, 711, 756, 905, 906, 914, 928, 943, 993, 1036, 1226, 1452;
	setarray $@pvs_yitem[6112], 4045, 4115, 4257, 5037, 507, 508, 509, 509, 510, 511, 514, 518, 521, 529, 607, 608;
	setarray $@pvs_yitem[6128], 619, 620, 621, 704, 707, 710, 711, 714, 714, 720, 756, 905, 906, 914, 926, 937;
	setarray $@pvs_yitem[6144], 938, 954, 983, 1032, 1039, 1120, 1202, 2207, 2253, 2254, 2255, 2282, 2324, 4001, 4033, 4117;
	setarray $@pvs_yitem[6160], 4280, 5035, 7023, 12002, 507, 508, 511, 517, 521, 531, 582, 619, 619, 620, 621, 704;
	setarray $@pvs_yitem[6176], 707, 711, 722, 905, 906, 914, 915, 917, 938, 1002, 1202, 1702, 2257, 4001, 4003, 4015;
	setarray $@pvs_yitem[6192], 507, 508, 509, 510, 511, 514, 521, 608, 621, 704, 706, 707, 711, 905, 906, 914;
	setarray $@pvs_yitem[6208], 928, 943, 993, 1452, 2254, 2255, 4045, 4241, 7291, 7294, 507, 508, 510, 511, 521, 621;
	setarray $@pvs_yitem[6224], 704, 707, 711, 756, 905, 906, 914, 1226, 4150, 4228, 7043, 7124, 507, 508, 510, 511;
	setarray $@pvs_yitem[6240], 521, 621, 704, 707, 711, 905, 906, 914, 1032, 1820, 2207, 2253, 4150, 4180, 4280, 4325;
	setarray $@pvs_yitem[6256], 12002, 507, 508, 511, 521, 582, 621, 624, 704, 707, 711, 905, 906, 914, 928, 969;
	setarray $@pvs_yitem[6272], 1032, 2207, 2253, 4161, 4257, 4280, 5037, 12002, 507, 508, 511, 521, 621, 624, 704, 707;
	setarray $@pvs_yitem[6288], 711, 756, 757, 905, 906, 914, 928, 943, 993, 1002, 1226, 1452, 4039, 4045, 4115, 4257;
	setarray $@pvs_yitem[6304], 5037, 507, 756, 757, 928, 943, 1002, 1032, 1226, 2207, 2253, 4039, 4115, 4280, 12002, 507;
	setarray $@pvs_yitem[6320], 508, 511, 521, 621, 704, 707, 711, 756, 905, 906, 914, 1032, 1226, 2207, 2253, 4228;
	setarray $@pvs_yitem[6336], 4280, 7043, 7124, 12002, 507, 511, 514, 928, 938, 1032, 2207, 2253, 4033, 4280, 12002;
	setarray $@pvs_ycls[0], 3, 3, 3, 0, 0, 0, 9, 9, 12, 12, 12, 0, 9, 9, 9, 9;
	setarray $@pvs_ycls[16], 7, 0, 1, 0, 10, 12, 0, 1, 9, 9, 7, 1, 10, 12, 12, 0;
	setarray $@pvs_ycls[32], 1, 9, 9, 3, 3, 3, 3, 6, 6, 0, 0, 0, 0, 0, 0, 0;
	setarray $@pvs_ycls[48], 0, 0, 0, 9, 9, 12, 12, 12, 0, 0, 0, 0, 3, 3, 3, 3;
	setarray $@pvs_ycls[64], 3, 6, 6, 0, 0, 0, 0, 0, 0, 0, 0, 9, 9, 12, 12, 12;
	setarray $@pvs_ycls[80], 0, 0, 0, 0, 0, 3, 3, 3, 6, 6, 0, 0, 0, 0, 0, 0;
	setarray $@pvs_ycls[96], 0, 0, 9, 9, 12, 12, 12, 10, 10, 10, 0, 0, 1, 1, 0, 0;
	setarray $@pvs_ycls[112], 0, 0, 3, 0, 0, 0, 0, 0, 0, 12, 12, 0, 3, 3, 3, 0;
	setarray $@pvs_ycls[128], 0, 0, 0, 0, 0, 0, 0, 9, 9, 12, 12, 12, 0, 3, 3, 3;
	setarray $@pvs_ycls[144], 3, 0, 0, 0, 0, 0, 0, 9, 12, 12, 12, 0, 0, 0, 3, 6;
	setarray $@pvs_ycls[160], 6, 7, 6, 0, 0, 1, 0, 10, 10, 10, 10, 9, 9, 9, 9, 12;
	setarray $@pvs_ycls[176], 12, 13, 13, 1, 1, 1, 3, 3, 3, 3, 9, 9, 9, 9, 12, 12;
	setarray $@pvs_ycls[192], 0, 0, 0, 6, 9, 9, 9, 3, 3, 3, 3, 3, 3, 6, 0, 0;
	setarray $@pvs_ycls[208], 0, 9, 9, 9, 9, 9, 9, 9, 12, 12, 12, 12, 0, 0, 0, 0;
	setarray $@pvs_ycls[224], 0, 6, 9, 9, 9, 9, 3, 3, 3, 3, 3, 6, 6, 0, 0, 9;
	setarray $@pvs_ycls[240], 9, 9, 9, 12, 12, 12, 12, 0, 0, 0, 0, 0, 0, 6, 6, 9;
	setarray $@pvs_ycls[256], 9, 9, 9, 9, 9, 3, 3, 3, 3, 3, 3, 3, 3, 0, 0, 0;
	setarray $@pvs_ycls[272], 0, 9, 9, 9, 9, 12, 12, 12, 12, 0, 0, 0, 6, 9, 9, 9;
	setarray $@pvs_ycls[288], 9, 3, 3, 3, 3, 0, 1, 0, 1, 0, 0, 1, 1, 0, 0, 0;
	setarray $@pvs_ycls[304], 9, 9, 9, 12, 12, 12, 12, 1, 10, 3, 3, 3, 3, 0, 0, 0;
	setarray $@pvs_ycls[320], 0, 0, 0, 0, 9, 9, 9, 12, 12, 12, 12, 3, 6, 7, 1, 0;
	setarray $@pvs_ycls[336], 9, 9, 9, 9, 9, 10, 9, 9, 1, 0, 6, 3, 3, 3, 3, 3;
	setarray $@pvs_ycls[352], 6, 3, 0, 0, 9, 9, 9, 12, 12, 3, 6, 9, 9, 12, 0, 3;
	setarray $@pvs_ycls[368], 3, 3, 3, 3, 3, 3, 6, 0, 0, 0, 0, 0, 0, 0, 9, 9;
	setarray $@pvs_ycls[384], 12, 12, 12, 3, 3, 3, 3, 3, 0, 0, 0, 0, 0, 0, 0, 0;
	setarray $@pvs_ycls[400], 3, 3, 3, 0, 0, 0, 0, 0, 0, 0, 0, 0, 0, 9, 9, 9;
	setarray $@pvs_ycls[416], 12, 12, 12, 3, 3, 3, 3, 6, 0, 0, 0, 0, 0, 0, 9, 12;
	setarray $@pvs_ycls[432], 12, 0, 0, 3, 3, 3, 3, 3, 6, 6, 0, 0, 0, 0, 0, 0;
	setarray $@pvs_ycls[448], 0, 0, 0, 9, 12, 12, 12, 3, 3, 6, 6, 0, 0, 0, 0, 0;
	setarray $@pvs_ycls[464], 0, 0, 9, 12, 0, 9, 3, 3, 6, 6, 0, 0, 0, 0, 0, 0;
	setarray $@pvs_ycls[480], 0, 9, 12, 0, 9, 3, 3, 3, 3, 3, 6, 0, 0, 0, 0, 0;
	setarray $@pvs_ycls[496], 0, 0, 0, 0, 0, 9, 9, 9, 12, 12, 0, 0, 0, 0, 0, 0;
	setarray $@pvs_ycls[512], 3, 6, 0, 0, 0, 9, 9, 9, 9, 9, 9, 9, 12, 12, 12, 0;
	setarray $@pvs_ycls[528], 0, 9, 3, 3, 3, 6, 6, 6, 0, 0, 0, 0, 0, 0, 9, 9;
	setarray $@pvs_ycls[544], 9, 9, 9, 9, 9, 12, 12, 12, 12, 0, 0, 0, 0, 9, 3, 6;
	setarray $@pvs_ycls[560], 6, 0, 0, 0, 0, 0, 0, 9, 9, 9, 9, 9, 9, 12, 12, 12;
	setarray $@pvs_ycls[576], 12, 0, 0, 0, 3, 3, 3, 6, 6, 6, 0, 0, 0, 1, 0, 0;
	setarray $@pvs_ycls[592], 0, 0, 10, 10, 10, 9, 9, 9, 9, 9, 9, 9, 9, 9, 12, 12;
	setarray $@pvs_ycls[608], 12, 12, 13, 12, 13, 12, 10, 0, 0, 1, 0, 1, 0, 0, 3, 3;
	setarray $@pvs_ycls[624], 3, 3, 3, 3, 3, 3, 3, 3, 6, 0, 0, 0, 0, 0, 0, 0;
	setarray $@pvs_ycls[640], 0, 0, 0, 0, 0, 0, 9, 12, 12, 12, 12, 0, 3, 3, 3, 3;
	setarray $@pvs_ycls[656], 3, 3, 0, 0, 0, 0, 0, 9, 9, 12, 12, 12, 0, 0, 3, 3;
	setarray $@pvs_ycls[672], 3, 3, 3, 3, 4, 3, 3, 3, 0, 0, 0, 0, 1, 0, 0, 0;
	setarray $@pvs_ycls[688], 1, 0, 10, 12, 12, 12, 10, 1, 9, 3, 3, 3, 0, 0, 0, 0;
	setarray $@pvs_ycls[704], 0, 0, 12, 12, 0, 0, 3, 3, 3, 3, 3, 3, 3, 3, 3, 3;
	setarray $@pvs_ycls[720], 6, 0, 0, 0, 0, 0, 0, 0, 0, 0, 0, 0, 0, 0, 9, 12;
	setarray $@pvs_ycls[736], 12, 12, 12, 3, 3, 3, 6, 0, 0, 0, 0, 0, 0, 0, 9, 9;
	setarray $@pvs_ycls[752], 12, 9, 3, 3, 6, 0, 0, 0, 0, 12, 0, 0, 3, 3, 3, 3;
	setarray $@pvs_ycls[768], 3, 6, 0, 0, 0, 0, 0, 0, 0, 0, 0, 0, 0, 1, 9, 9;
	setarray $@pvs_ycls[784], 10, 9, 9, 12, 9, 0, 1, 3, 3, 3, 6, 6, 0, 0, 0, 0;
	setarray $@pvs_ycls[800], 0, 0, 0, 0, 0, 0, 0, 9, 9, 9, 9, 12, 12, 12, 12, 6;
	setarray $@pvs_ycls[816], 6, 6, 0, 0, 0, 12, 12, 12, 12, 0, 0, 0, 0, 3, 6, 0;
	setarray $@pvs_ycls[832], 0, 0, 0, 0, 9, 12, 9, 0, 0, 0, 0, 9, 9, 0, 12, 12;
	setarray $@pvs_ycls[848], 3, 3, 3, 6, 0, 0, 0, 0, 0, 0, 0, 0, 0, 0, 0, 9;
	setarray $@pvs_ycls[864], 9, 9, 9, 9, 9, 12, 12, 12, 9, 0, 0, 0, 0, 0, 9, 9;
	setarray $@pvs_ycls[880], 3, 3, 3, 3, 6, 0, 0, 0, 0, 0, 0, 0, 0, 0, 0, 0;
	setarray $@pvs_ycls[896], 0, 9, 9, 9, 12, 12, 12, 9, 0, 0, 0, 0, 0, 0, 9, 9;
	setarray $@pvs_ycls[912], 0, 0, 0, 0, 0, 9, 9, 12, 12, 0, 0, 3, 3, 3, 3, 6;
	setarray $@pvs_ycls[928], 0, 0, 0, 0, 0, 0, 0, 0, 0, 9, 9, 12, 12, 12, 12, 0;
	setarray $@pvs_ycls[944], 3, 3, 3, 3, 3, 6, 6, 6, 0, 0, 0, 0, 0, 0, 0, 0;
	setarray $@pvs_ycls[960], 0, 0, 0, 0, 0, 9, 9, 9, 12, 12, 12, 12, 12, 12, 0, 0;
	setarray $@pvs_ycls[976], 0, 0, 0, 0, 9, 3, 3, 3, 3, 6, 6, 6, 0, 0, 0, 0;
	setarray $@pvs_ycls[992], 0, 0, 0, 0, 0, 0, 0, 9, 9, 12, 12, 12, 12, 12, 0, 0;
	setarray $@pvs_ycls[1008], 0, 0, 0, 9, 3, 3, 3, 6, 6, 0, 0, 0, 0, 0, 0, 0;
	setarray $@pvs_ycls[1024], 0, 0, 0, 0, 0, 0, 0, 9, 9, 12, 12, 12, 12, 0, 0, 0;
	setarray $@pvs_ycls[1040], 0, 0, 9, 3, 3, 3, 3, 3, 3, 6, 6, 0, 0, 0, 0, 0;
	setarray $@pvs_ycls[1056], 0, 0, 0, 0, 9, 9, 12, 12, 12, 12, 0, 0, 3, 3, 3, 3;
	setarray $@pvs_ycls[1072], 3, 3, 3, 3, 3, 3, 6, 6, 0, 0, 0, 0, 0, 0, 0, 0;
	setarray $@pvs_ycls[1088], 0, 0, 0, 0, 0, 9, 9, 12, 12, 12, 0, 3, 3, 3, 3, 3;
	setarray $@pvs_ycls[1104], 3, 6, 6, 6, 7, 0, 0, 0, 0, 0, 0, 0, 0, 0, 0, 0;
	setarray $@pvs_ycls[1120], 1, 0, 10, 9, 12, 12, 12, 12, 13, 0, 0, 1, 3, 3, 3, 3;
	setarray $@pvs_ycls[1136], 3, 3, 6, 3, 3, 6, 0, 0, 0, 0, 0, 0, 0, 0, 0, 9;
	setarray $@pvs_ycls[1152], 9, 9, 9, 9, 9, 9, 9, 12, 12, 12, 12, 12, 12, 9, 3, 3;
	setarray $@pvs_ycls[1168], 3, 3, 3, 3, 0, 6, 3, 3, 6, 0, 0, 0, 0, 0, 0, 0;
	setarray $@pvs_ycls[1184], 12, 0, 3, 3, 3, 3, 6, 6, 0, 0, 0, 0, 0, 0, 0, 0;
	setarray $@pvs_ycls[1200], 0, 9, 12, 12, 12, 12, 3, 3, 4, 3, 6, 0, 0, 0, 0, 0;
	setarray $@pvs_ycls[1216], 0, 12, 12, 10, 3, 3, 3, 3, 3, 3, 3, 3, 3, 3, 6, 6;
	setarray $@pvs_ycls[1232], 0, 0, 0, 0, 0, 0, 0, 0, 0, 0, 0, 0, 0, 0, 9, 9;
	setarray $@pvs_ycls[1248], 9, 12, 12, 12, 12, 0, 3, 3, 3, 3, 3, 6, 0, 0, 0, 0;
	setarray $@pvs_ycls[1264], 0, 0, 0, 0, 0, 9, 12, 12, 12, 12, 3, 3, 6, 6, 0, 0;
	setarray $@pvs_ycls[1280], 0, 0, 0, 0, 0, 0, 0, 0, 9, 9, 12, 12, 12, 12, 3, 6;
	setarray $@pvs_ycls[1296], 6, 0, 0, 0, 0, 0, 0, 0, 9, 9, 12, 12, 9, 9, 3, 3;
	setarray $@pvs_ycls[1312], 3, 3, 3, 3, 3, 3, 3, 0, 0, 0, 0, 0, 0, 0, 0, 0;
	setarray $@pvs_ycls[1328], 9, 9, 9, 12, 12, 12, 12, 9, 3, 3, 3, 3, 3, 3, 3, 3;
	setarray $@pvs_ycls[1344], 3, 6, 6, 0, 0, 0, 0, 0, 0, 0, 0, 0, 0, 0, 9, 9;
	setarray $@pvs_ycls[1360], 12, 12, 12, 3, 3, 3, 3, 0, 0, 0, 0, 0, 0, 0, 0, 0;
	setarray $@pvs_ycls[1376], 0, 9, 9, 9, 9, 12, 12, 12, 0, 3, 3, 3, 6, 0, 0, 0;
	setarray $@pvs_ycls[1392], 0, 0, 0, 0, 0, 0, 0, 0, 9, 12, 12, 12, 0, 3, 3, 3;
	setarray $@pvs_ycls[1408], 3, 6, 0, 0, 0, 0, 0, 0, 0, 9, 9, 12, 12, 12, 0, 0;
	setarray $@pvs_ycls[1424], 0, 9, 6, 3, 3, 3, 3, 6, 0, 0, 0, 0, 0, 9, 9, 12;
	setarray $@pvs_ycls[1440], 9, 0, 0, 3, 3, 3, 3, 3, 0, 0, 0, 0, 9, 9, 9, 9;
	setarray $@pvs_ycls[1456], 9, 12, 12, 9, 3, 3, 3, 0, 0, 0, 0, 0, 0, 9, 9, 12;
	setarray $@pvs_ycls[1472], 12, 12, 3, 3, 3, 0, 0, 0, 9, 9, 9, 12, 12, 0, 6, 3;
	setarray $@pvs_ycls[1488], 3, 7, 0, 0, 1, 0, 0, 0, 10, 10, 10, 9, 9, 10, 9, 9;
	setarray $@pvs_ycls[1504], 9, 9, 9, 9, 9, 9, 9, 9, 12, 12, 12, 13, 13, 12, 9, 9;
	setarray $@pvs_ycls[1520], 1, 0, 1, 1, 0, 6, 6, 3, 3, 7, 0, 0, 1, 0, 0, 0;
	setarray $@pvs_ycls[1536], 10, 10, 10, 9, 9, 10, 9, 9, 9, 9, 9, 9, 9, 9, 9, 9;
	setarray $@pvs_ycls[1552], 12, 12, 12, 13, 13, 12, 9, 9, 1, 0, 1, 1, 0, 6, 6, 3;
	setarray $@pvs_ycls[1568], 3, 7, 0, 0, 1, 0, 0, 0, 10, 10, 10, 9, 9, 10, 9, 9;
	setarray $@pvs_ycls[1584], 9, 9, 9, 9, 9, 9, 9, 9, 12, 12, 12, 13, 13, 12, 9, 9;
	setarray $@pvs_ycls[1600], 1, 0, 1, 1, 0, 6, 6, 3, 3, 7, 0, 0, 1, 0, 0, 0;
	setarray $@pvs_ycls[1616], 10, 10, 10, 9, 9, 10, 9, 9, 9, 9, 9, 9, 9, 9, 9, 9;
	setarray $@pvs_ycls[1632], 12, 12, 12, 13, 13, 12, 9, 9, 1, 0, 1, 1, 0, 6, 6, 3;
	setarray $@pvs_ycls[1648], 6, 7, 0, 0, 1, 0, 0, 0, 10, 10, 9, 9, 9, 9, 10, 10;
	setarray $@pvs_ycls[1664], 9, 9, 9, 9, 9, 12, 12, 13, 13, 12, 13, 12, 10, 9, 0, 0;
	setarray $@pvs_ycls[1680], 1, 1, 0, 6, 3, 4, 6, 6, 6, 6, 7, 0, 0, 0, 0, 0;
	setarray $@pvs_ycls[1696], 1, 0, 0, 1, 0, 9, 9, 10, 9, 9, 9, 9, 9, 9, 9, 9;
	setarray $@pvs_ycls[1712], 9, 12, 12, 12, 12, 12, 12, 12, 12, 12, 13, 9, 9, 0, 0, 1;
	setarray $@pvs_ycls[1728], 0, 0, 1, 0, 6, 9, 3, 4, 3, 0, 6, 6, 0, 0, 0, 0;
	setarray $@pvs_ycls[1744], 10, 9, 12, 12, 13, 12, 12, 10, 3, 3, 0, 6, 6, 0, 0, 0;
	setarray $@pvs_ycls[1760], 0, 0, 0, 0, 0, 9, 9, 12, 12, 12, 12, 12, 12, 0, 0, 0;
	setarray $@pvs_ycls[1776], 0, 12, 0, 9, 3, 3, 0, 0, 0, 9, 9, 9, 12, 6, 6, 0;
	setarray $@pvs_ycls[1792], 0, 0, 0, 0, 0, 0, 9, 9, 9, 9, 9, 9, 9, 9, 9, 12;
	setarray $@pvs_ycls[1808], 12, 12, 12, 9, 9, 0, 0, 0, 0, 6, 9, 3, 6, 6, 0, 0;
	setarray $@pvs_ycls[1824], 0, 0, 0, 0, 0, 9, 9, 9, 9, 9, 9, 9, 9, 9, 9, 9;
	setarray $@pvs_ycls[1840], 9, 12, 12, 12, 12, 12, 12, 9, 9, 0, 0, 0, 0, 0, 6, 3;
	setarray $@pvs_ycls[1856], 6, 0, 0, 0, 1, 0, 9, 9, 9, 9, 9, 9, 9, 9, 12, 12;
	setarray $@pvs_ycls[1872], 12, 12, 12, 9, 9, 1, 0, 0, 0, 6, 3, 0, 0, 0, 0, 0;
	setarray $@pvs_ycls[1888], 0, 9, 9, 9, 12, 12, 12, 12, 3, 3, 3, 0, 0, 0, 0, 0;
	setarray $@pvs_ycls[1904], 0, 9, 9, 9, 9, 9, 9, 12, 12, 12, 12, 0, 0, 0, 0, 0;
	setarray $@pvs_ycls[1920], 0, 0, 9, 9, 9, 12, 12, 12, 3, 3, 0, 0, 0, 9, 12, 12;
	setarray $@pvs_ycls[1936], 0, 0, 0, 0, 9, 12, 0, 9, 3, 3, 0, 0, 0, 0, 0, 0;
	setarray $@pvs_ycls[1952], 0, 9, 12, 12, 12, 0, 9, 6, 6, 0, 0, 0, 0, 9, 12, 12;
	setarray $@pvs_ycls[1968], 0, 3, 3, 3, 3, 3, 3, 3, 3, 3, 6, 0, 0, 0, 0, 0;
	setarray $@pvs_ycls[1984], 0, 0, 0, 0, 0, 9, 9, 9, 9, 12, 12, 0, 3, 6, 7, 7;
	setarray $@pvs_ycls[2000], 7, 1, 0, 0, 0, 0, 1, 1, 1, 10, 9, 9, 9, 9, 10, 0;
	setarray $@pvs_ycls[2016], 10, 3, 3, 3, 3, 3, 0, 0, 0, 0, 0, 10, 9, 10, 10, 9;
	setarray $@pvs_ycls[2032], 9, 13, 10, 1, 3, 3, 3, 0, 0, 1, 1, 0, 0, 1, 1, 0;
	setarray $@pvs_ycls[2048], 9, 9, 9, 9, 1, 10, 4, 3, 6, 7, 7, 1, 1, 0, 0, 0;
	setarray $@pvs_ycls[2064], 0, 0, 10, 9, 9, 9, 9, 10, 13, 10, 0, 3, 3, 3, 3, 3;
	setarray $@pvs_ycls[2080], 3, 0, 6, 6, 6, 0, 0, 0, 0, 0, 9, 12, 12, 12, 0, 3;
	setarray $@pvs_ycls[2096], 3, 3, 3, 3, 3, 0, 6, 6, 0, 0, 0, 0, 0, 0, 0, 9;
	setarray $@pvs_ycls[2112], 9, 12, 12, 12, 0, 3, 3, 3, 3, 3, 3, 6, 0, 0, 0, 0;
	setarray $@pvs_ycls[2128], 0, 9, 9, 12, 12, 0, 3, 3, 3, 3, 3, 3, 3, 3, 3, 3;
	setarray $@pvs_ycls[2144], 3, 3, 3, 3, 6, 0, 0, 0, 0, 0, 0, 0, 0, 9, 9, 12;
	setarray $@pvs_ycls[2160], 12, 0, 0, 0, 6, 0, 0, 0, 0, 0, 0, 0, 0, 9, 9, 9;
	setarray $@pvs_ycls[2176], 12, 0, 3, 3, 3, 3, 6, 0, 0, 0, 0, 9, 9, 9, 12, 12;
	setarray $@pvs_ycls[2192], 12, 0, 3, 3, 3, 3, 3, 6, 0, 0, 0, 0, 0, 0, 9, 12;
	setarray $@pvs_ycls[2208], 12, 12, 0, 3, 3, 3, 3, 3, 3, 3, 6, 6, 0, 0, 0, 0;
	setarray $@pvs_ycls[2224], 0, 0, 0, 0, 0, 0, 0, 9, 9, 12, 12, 12, 12, 12, 12, 12;
	setarray $@pvs_ycls[2240], 0, 0, 0, 9, 3, 3, 3, 3, 0, 0, 0, 0, 1, 0, 0, 1;
	setarray $@pvs_ycls[2256], 10, 12, 12, 0, 1, 3, 3, 3, 3, 6, 6, 0, 0, 0, 0, 0;
	setarray $@pvs_ycls[2272], 0, 0, 0, 0, 9, 9, 9, 9, 12, 12, 12, 9, 0, 0, 0, 0;
	setarray $@pvs_ycls[2288], 9, 9, 3, 3, 3, 3, 3, 6, 0, 0, 0, 0, 0, 0, 0, 0;
	setarray $@pvs_ycls[2304], 0, 0, 0, 9, 9, 9, 12, 12, 12, 12, 12, 12, 12, 0, 0, 9;
	setarray $@pvs_ycls[2320], 3, 6, 6, 0, 0, 0, 9, 9, 12, 12, 12, 0, 0, 0, 3, 3;
	setarray $@pvs_ycls[2336], 0, 0, 0, 0, 9, 9, 12, 12, 12, 0, 3, 3, 0, 0, 0, 0;
	setarray $@pvs_ycls[2352], 9, 9, 12, 12, 0, 3, 3, 3, 6, 0, 0, 0, 0, 0, 0, 9;
	setarray $@pvs_ycls[2368], 9, 9, 12, 12, 12, 12, 0, 0, 3, 3, 3, 6, 0, 0, 0, 0;
	setarray $@pvs_ycls[2384], 0, 0, 9, 9, 9, 12, 12, 12, 12, 0, 0, 3, 3, 6, 6, 6;
	setarray $@pvs_ycls[2400], 0, 0, 9, 9, 9, 9, 9, 12, 12, 12, 12, 0, 0, 3, 6, 6;
	setarray $@pvs_ycls[2416], 0, 0, 0, 0, 0, 0, 9, 9, 9, 9, 9, 12, 12, 12, 12, 0;
	setarray $@pvs_ycls[2432], 0, 3, 3, 3, 6, 6, 0, 0, 0, 0, 0, 0, 0, 0, 9, 9;
	setarray $@pvs_ycls[2448], 9, 9, 9, 12, 12, 12, 12, 12, 0, 0, 3, 3, 3, 6, 6, 6;
	setarray $@pvs_ycls[2464], 0, 0, 0, 0, 0, 12, 0, 3, 3, 3, 6, 6, 6, 0, 0, 0;
	setarray $@pvs_ycls[2480], 0, 0, 12, 0, 3, 3, 3, 3, 6, 0, 0, 0, 0, 0, 0, 0;
	setarray $@pvs_ycls[2496], 0, 0, 0, 12, 12, 12, 9, 0, 3, 3, 3, 3, 0, 0, 0, 0;
	setarray $@pvs_ycls[2512], 0, 0, 0, 0, 9, 9, 12, 12, 12, 12, 12, 12, 9, 3, 3, 3;
	setarray $@pvs_ycls[2528], 0, 0, 0, 0, 0, 0, 0, 9, 9, 12, 12, 12, 12, 9, 9, 0;
	setarray $@pvs_ycls[2544], 0, 9, 12, 0, 0, 0, 0, 0, 0, 0, 0, 0, 0, 6, 6, 9;
	setarray $@pvs_ycls[2560], 9, 9, 9, 9, 9, 0, 0, 9, 12, 0, 0, 0, 0, 0, 0, 0;
	setarray $@pvs_ycls[2576], 0, 0, 0, 0, 6, 6, 9, 9, 9, 9, 0, 9, 12, 12, 0, 0;
	setarray $@pvs_ycls[2592], 0, 0, 0, 0, 0, 0, 6, 9, 9, 9, 6, 6, 0, 0, 0, 9;
	setarray $@pvs_ycls[2608], 9, 9, 9, 9, 12, 12, 12, 9, 0, 0, 0, 0, 0, 0, 6, 9;
	setarray $@pvs_ycls[2624], 6, 0, 0, 9, 9, 9, 9, 12, 12, 0, 0, 0, 0, 0, 6, 9;
	setarray $@pvs_ycls[2640], 6, 0, 9, 9, 9, 9, 12, 12, 0, 0, 0, 0, 6, 9, 3, 7;
	setarray $@pvs_ycls[2656], 0, 0, 9, 9, 9, 9, 9, 9, 9, 9, 9, 9, 9, 9, 9, 9;
	setarray $@pvs_ycls[2672], 9, 9, 12, 12, 13, 1, 0, 0, 0, 0, 0, 6, 7, 9, 9, 10;
	setarray $@pvs_ycls[2688], 3, 7, 0, 9, 9, 9, 9, 9, 9, 9, 9, 9, 9, 9, 9, 9;
	setarray $@pvs_ycls[2704], 9, 9, 9, 9, 9, 9, 13, 12, 1, 0, 6, 7, 9, 10, 6, 7;
	setarray $@pvs_ycls[2720], 9, 9, 9, 9, 9, 9, 9, 9, 9, 9, 9, 9, 12, 12, 12, 9;
	setarray $@pvs_ycls[2736], 6, 6, 9, 3, 3, 3, 3, 6, 0, 0, 0, 0, 0, 0, 0, 0;
	setarray $@pvs_ycls[2752], 9, 9, 9, 12, 9, 0, 0, 0, 0, 9, 9, 3, 3, 3, 6, 0;
	setarray $@pvs_ycls[2768], 0, 0, 0, 0, 0, 0, 0, 0, 0, 9, 9, 9, 9, 12, 12, 12;
	setarray $@pvs_ycls[2784], 9, 0, 0, 0, 0, 9, 9, 3, 3, 3, 3, 3, 3, 6, 0, 0;
	setarray $@pvs_ycls[2800], 0, 0, 0, 0, 0, 0, 0, 0, 9, 9, 9, 9, 9, 12, 12, 12;
	setarray $@pvs_ycls[2816], 12, 0, 0, 0, 0, 9, 3, 3, 3, 3, 3, 3, 3, 6, 6, 0;
	setarray $@pvs_ycls[2832], 0, 0, 0, 0, 0, 0, 0, 0, 0, 0, 9, 9, 9, 9, 12, 12;
	setarray $@pvs_ycls[2848], 12, 12, 0, 0, 0, 0, 6, 6, 6, 0, 0, 0, 0, 0, 9, 9;
	setarray $@pvs_ycls[2864], 12, 12, 0, 0, 3, 6, 0, 0, 0, 9, 0, 0, 6, 3, 3, 3;
	setarray $@pvs_ycls[2880], 6, 0, 0, 0, 0, 0, 0, 0, 0, 0, 0, 0, 0, 0, 0, 9;
	setarray $@pvs_ycls[2896], 9, 9, 9, 12, 12, 12, 0, 0, 3, 3, 0, 0, 0, 0, 9, 12;
	setarray $@pvs_ycls[2912], 12, 0, 0, 0, 0, 0, 3, 3, 3, 0, 0, 0, 0, 0, 9, 12;
	setarray $@pvs_ycls[2928], 12, 12, 0, 0, 0, 0, 0, 0, 0, 0, 0, 9, 9, 9, 9, 9;
	setarray $@pvs_ycls[2944], 9, 9, 9, 9, 12, 0, 0, 9, 9, 9, 9, 9, 9, 12, 12, 0;
	setarray $@pvs_ycls[2960], 0, 1, 9, 10, 9, 9, 9, 9, 10, 10, 9, 9, 9, 12, 12, 10;
	setarray $@pvs_ycls[2976], 3, 3, 0, 0, 0, 9, 9, 12, 12, 9, 3, 0, 0, 0, 0, 0;
	setarray $@pvs_ycls[2992], 0, 9, 12, 12, 12, 12, 0, 9, 3, 3, 3, 0, 0, 0, 0, 0;
	setarray $@pvs_ycls[3008], 9, 12, 12, 12, 12, 0, 9, 9, 3, 3, 3, 3, 3, 3, 3, 3;
	setarray $@pvs_ycls[3024], 0, 3, 3, 6, 0, 0, 0, 0, 0, 0, 0, 0, 0, 0, 0, 9;
	setarray $@pvs_ycls[3040], 9, 9, 9, 9, 9, 9, 9, 12, 12, 12, 12, 3, 3, 3, 3, 3;
	setarray $@pvs_ycls[3056], 3, 3, 0, 6, 6, 0, 0, 0, 0, 0, 0, 0, 0, 9, 9, 9;
	setarray $@pvs_ycls[3072], 12, 12, 12, 12, 12, 3, 3, 3, 3, 3, 3, 3, 3, 0, 3, 3;
	setarray $@pvs_ycls[3088], 6, 6, 0, 0, 0, 0, 0, 0, 0, 0, 0, 0, 0, 0, 9, 9;
	setarray $@pvs_ycls[3104], 9, 12, 12, 12, 12, 12, 12, 9, 9, 3, 3, 3, 3, 3, 3, 3;
	setarray $@pvs_ycls[3120], 3, 3, 3, 6, 6, 0, 0, 0, 0, 0, 0, 0, 0, 0, 0, 0;
	setarray $@pvs_ycls[3136], 9, 12, 12, 12, 12, 12, 3, 3, 3, 3, 3, 3, 3, 3, 3, 3;
	setarray $@pvs_ycls[3152], 6, 0, 0, 0, 0, 0, 0, 0, 0, 0, 0, 0, 0, 0, 9, 12;
	setarray $@pvs_ycls[3168], 12, 12, 12, 12, 9, 3, 3, 3, 3, 6, 0, 0, 0, 0, 0, 0;
	setarray $@pvs_ycls[3184], 0, 0, 0, 0, 0, 0, 9, 9, 9, 9, 9, 9, 12, 12, 12, 12;
	setarray $@pvs_ycls[3200], 0, 3, 3, 3, 3, 3, 3, 6, 6, 0, 0, 0, 0, 0, 0, 0;
	setarray $@pvs_ycls[3216], 0, 0, 0, 0, 0, 0, 0, 9, 9, 9, 9, 12, 12, 12, 12, 12;
	setarray $@pvs_ycls[3232], 12, 0, 3, 3, 3, 3, 3, 3, 6, 6, 0, 0, 0, 0, 0, 0;
	setarray $@pvs_ycls[3248], 0, 0, 0, 9, 12, 12, 12, 12, 12, 9, 3, 3, 3, 3, 6, 0;
	setarray $@pvs_ycls[3264], 0, 0, 0, 0, 0, 0, 0, 0, 9, 9, 9, 9, 12, 12, 12, 12;
	setarray $@pvs_ycls[3280], 0, 3, 3, 3, 3, 3, 3, 3, 3, 3, 3, 6, 6, 0, 0, 0;
	setarray $@pvs_ycls[3296], 0, 0, 0, 0, 0, 0, 0, 0, 9, 12, 12, 12, 12, 12, 9, 3;
	setarray $@pvs_ycls[3312], 3, 3, 3, 3, 6, 6, 0, 0, 0, 0, 0, 0, 0, 0, 0, 0;
	setarray $@pvs_ycls[3328], 0, 9, 9, 12, 12, 12, 12, 3, 3, 3, 0, 0, 0, 9, 9, 3;
	setarray $@pvs_ycls[3344], 3, 3, 3, 6, 6, 0, 0, 0, 0, 0, 0, 0, 9, 9, 12, 12;
	setarray $@pvs_ycls[3360], 12, 9, 3, 3, 3, 3, 3, 6, 6, 0, 0, 0, 0, 0, 0, 0;
	setarray $@pvs_ycls[3376], 0, 9, 9, 12, 12, 12, 3, 3, 3, 3, 3, 6, 6, 7, 6, 0;
	setarray $@pvs_ycls[3392], 0, 1, 0, 0, 0, 0, 0, 10, 9, 10, 12, 12, 12, 12, 0, 3;
	setarray $@pvs_ycls[3408], 3, 6, 0, 0, 0, 0, 0, 0, 9, 12, 9, 3, 3, 3, 3, 3;
	setarray $@pvs_ycls[3424], 3, 3, 3, 6, 0, 0, 0, 0, 0, 0, 0, 0, 0, 9, 12, 12;
	setarray $@pvs_ycls[3440], 12, 12, 6, 3, 3, 6, 0, 0, 0, 0, 0, 0, 9, 12, 9, 3;
	setarray $@pvs_ycls[3456], 3, 3, 3, 3, 3, 3, 6, 6, 0, 0, 0, 0, 0, 0, 0, 0;
	setarray $@pvs_ycls[3472], 0, 0, 0, 0, 0, 9, 9, 12, 12, 12, 12, 0, 3, 6, 0, 0;
	setarray $@pvs_ycls[3488], 0, 0, 0, 0, 9, 9, 12, 12, 12, 0, 6, 3, 3, 3, 3, 6;
	setarray $@pvs_ycls[3504], 0, 0, 0, 0, 0, 0, 0, 0, 0, 0, 0, 0, 0, 9, 12, 12;
	setarray $@pvs_ycls[3520], 12, 12, 6, 3, 4, 3, 3, 0, 0, 1, 0, 0, 0, 0, 0, 0;
	setarray $@pvs_ycls[3536], 0, 0, 0, 0, 9, 9, 9, 10, 12, 12, 12, 12, 3, 3, 6, 0;
	setarray $@pvs_ycls[3552], 0, 0, 0, 0, 1, 1, 0, 0, 0, 10, 10, 9, 10, 10, 10, 9;
	setarray $@pvs_ycls[3568], 10, 10, 12, 12, 1, 1, 9, 3, 0, 0, 1, 0, 1, 10, 10, 9;
	setarray $@pvs_ycls[3584], 10, 10, 10, 10, 10, 12, 0, 0, 0, 1, 1, 1, 1, 10, 10, 10;
	setarray $@pvs_ycls[3600], 10, 10, 10, 10, 1, 1, 3, 3, 3, 0, 0, 9, 9, 12, 3, 3;
	setarray $@pvs_ycls[3616], 3, 3, 3, 0, 0, 0, 0, 0, 0, 0, 0, 0, 0, 9, 9, 9;
	setarray $@pvs_ycls[3632], 9, 9, 9, 12, 12, 12, 12, 12, 12, 0, 3, 3, 3, 3, 3, 3;
	setarray $@pvs_ycls[3648], 6, 6, 6, 0, 0, 0, 0, 0, 0, 0, 9, 9, 12, 12, 12, 12;
	setarray $@pvs_ycls[3664], 12, 0, 3, 3, 3, 3, 6, 6, 0, 0, 0, 0, 0, 0, 0, 0;
	setarray $@pvs_ycls[3680], 9, 9, 9, 12, 12, 12, 12, 12, 3, 3, 3, 3, 6, 0, 0, 0;
	setarray $@pvs_ycls[3696], 0, 9, 9, 9, 12, 12, 12, 3, 3, 6, 6, 6, 0, 0, 0, 0;
	setarray $@pvs_ycls[3712], 0, 0, 0, 0, 9, 12, 12, 12, 12, 3, 3, 3, 3, 3, 0, 0;
	setarray $@pvs_ycls[3728], 0, 0, 0, 0, 9, 12, 12, 0, 0, 3, 3, 3, 3, 3, 6, 6;
	setarray $@pvs_ycls[3744], 0, 0, 0, 9, 9, 9, 0, 0, 0, 0, 3, 3, 3, 3, 3, 3;
	setarray $@pvs_ycls[3760], 3, 6, 3, 3, 6, 6, 6, 0, 0, 0, 0, 0, 0, 0, 0, 9;
	setarray $@pvs_ycls[3776], 9, 0, 0, 3, 3, 3, 3, 3, 6, 6, 0, 0, 0, 0, 0, 0;
	setarray $@pvs_ycls[3792], 0, 0, 0, 0, 0, 9, 9, 9, 9, 9, 12, 12, 12, 3, 3, 3;
	setarray $@pvs_ycls[3808], 0, 0, 0, 9, 9, 12, 12, 12, 0, 9, 9, 9, 9, 3, 6, 0;
	setarray $@pvs_ycls[3824], 0, 0, 9, 9, 9, 12, 12, 9, 0, 0, 0, 0, 0, 0, 0, 0;
	setarray $@pvs_ycls[3840], 0, 0, 6, 0, 0, 0, 0, 9, 9, 9, 9, 9, 12, 12, 12, 9;
	setarray $@pvs_ycls[3856], 0, 0, 0, 0, 0, 0, 0, 0, 0, 0, 0, 0, 0, 9, 6, 0;
	setarray $@pvs_ycls[3872], 0, 0, 9, 9, 12, 12, 9, 0, 0, 0, 0, 0, 0, 0, 0, 0;
	setarray $@pvs_ycls[3888], 3, 0, 0, 9, 9, 9, 0, 0, 0, 0, 3, 3, 3, 3, 3, 6;
	setarray $@pvs_ycls[3904], 6, 0, 0, 0, 0, 0, 0, 0, 0, 0, 0, 0, 0, 0, 0, 0;
	setarray $@pvs_ycls[3920], 9, 9, 9, 0, 3, 3, 7, 0, 0, 0, 0, 0, 0, 0, 9, 10;
	setarray $@pvs_ycls[3936], 10, 10, 9, 10, 1, 0, 1, 3, 3, 3, 3, 3, 3, 3, 7, 0;
	setarray $@pvs_ycls[3952], 0, 0, 0, 0, 0, 0, 0, 0, 9, 10, 10, 10, 9, 10, 1, 0;
	setarray $@pvs_ycls[3968], 1, 3, 3, 3, 3, 3, 6, 6, 0, 0, 0, 0, 0, 0, 0, 0;
	setarray $@pvs_ycls[3984], 0, 0, 0, 0, 0, 9, 9, 9, 12, 12, 12, 12, 0, 0, 3, 3;
	setarray $@pvs_ycls[4000], 3, 3, 3, 6, 6, 6, 0, 0, 0, 0, 0, 0, 0, 0, 0, 0;
	setarray $@pvs_ycls[4016], 0, 0, 0, 0, 0, 9, 9, 12, 12, 12, 0, 0, 3, 3, 3, 6;
	setarray $@pvs_ycls[4032], 0, 0, 0, 0, 0, 0, 0, 0, 0, 0, 9, 9, 12, 12, 12, 0;
	setarray $@pvs_ycls[4048], 3, 6, 0, 0, 0, 0, 0, 0, 0, 0, 0, 0, 9, 9, 9, 12;
	setarray $@pvs_ycls[4064], 12, 12, 12, 0, 0, 0, 3, 3, 3, 3, 3, 3, 3, 3, 3, 6;
	setarray $@pvs_ycls[4080], 6, 6, 6, 6, 6, 0, 0, 0, 0, 0, 0, 0, 0, 0, 0, 0;
	setarray $@pvs_ycls[4096], 0, 9, 9, 9, 9, 9, 9, 12, 12, 12, 12, 12, 12, 12, 0, 0;
	setarray $@pvs_ycls[4112], 3, 3, 3, 3, 3, 3, 3, 3, 3, 3, 6, 6, 6, 6, 6, 6;
	setarray $@pvs_ycls[4128], 6, 0, 0, 0, 0, 0, 0, 0, 0, 0, 0, 0, 0, 9, 9, 9;
	setarray $@pvs_ycls[4144], 9, 9, 9, 12, 12, 12, 12, 12, 0, 3, 3, 3, 3, 3, 3, 3;
	setarray $@pvs_ycls[4160], 3, 6, 6, 3, 3, 6, 7, 6, 6, 7, 6, 0, 0, 0, 0, 0;
	setarray $@pvs_ycls[4176], 0, 0, 0, 0, 0, 0, 1, 1, 1, 0, 9, 9, 9, 9, 9, 9;
	setarray $@pvs_ycls[4192], 12, 12, 12, 12, 0, 10, 3, 3, 3, 3, 3, 3, 6, 6, 6, 0;
	setarray $@pvs_ycls[4208], 0, 0, 0, 0, 0, 9, 12, 12, 12, 12, 0, 3, 3, 3, 3, 3;
	setarray $@pvs_ycls[4224], 3, 3, 6, 6, 0, 0, 0, 0, 0, 0, 0, 0, 0, 0, 0, 9;
	setarray $@pvs_ycls[4240], 12, 12, 12, 0, 3, 3, 3, 6, 6, 6, 0, 0, 0, 0, 0, 0;
	setarray $@pvs_ycls[4256], 0, 0, 0, 0, 9, 12, 12, 12, 0, 3, 3, 4, 3, 3, 3, 3;
	setarray $@pvs_ycls[4272], 3, 3, 4, 7, 7, 3, 3, 6, 7, 6, 6, 1, 0, 0, 0, 1;
	setarray $@pvs_ycls[4288], 0, 1, 0, 0, 0, 1, 1, 9, 10, 10, 10, 10, 10, 10, 12, 12;
	setarray $@pvs_ycls[4304], 9, 1, 3, 3, 3, 3, 0, 6, 0, 0, 0, 0, 0, 0, 0, 0;
	setarray $@pvs_ycls[4320], 9, 9, 12, 12, 0, 0, 3, 3, 3, 3, 3, 3, 3, 3, 3, 3;
	setarray $@pvs_ycls[4336], 3, 6, 6, 0, 0, 0, 0, 0, 0, 0, 0, 0, 0, 0, 0, 0;
	setarray $@pvs_ycls[4352], 9, 9, 12, 12, 12, 0, 9, 3, 3, 3, 3, 3, 6, 6, 0, 0;
	setarray $@pvs_ycls[4368], 0, 0, 0, 0, 0, 0, 0, 9, 9, 12, 12, 12, 12, 12, 0, 3;
	setarray $@pvs_ycls[4384], 3, 3, 3, 3, 3, 3, 3, 3, 3, 6, 6, 0, 0, 0, 0, 0;
	setarray $@pvs_ycls[4400], 0, 0, 0, 0, 0, 9, 12, 12, 12, 12, 0, 3, 3, 3, 3, 3;
	setarray $@pvs_ycls[4416], 3, 3, 3, 3, 6, 0, 0, 0, 0, 0, 0, 0, 0, 0, 9, 12;
	setarray $@pvs_ycls[4432], 12, 12, 3, 3, 3, 3, 3, 3, 3, 6, 6, 6, 6, 0, 0, 0;
	setarray $@pvs_ycls[4448], 0, 0, 0, 0, 0, 0, 0, 9, 9, 12, 12, 12, 0, 3, 3, 3;
	setarray $@pvs_ycls[4464], 0, 6, 6, 6, 6, 0, 0, 0, 0, 0, 0, 9, 12, 0, 0, 3;
	setarray $@pvs_ycls[4480], 3, 3, 3, 3, 3, 3, 0, 3, 3, 6, 6, 0, 0, 0, 0, 0;
	setarray $@pvs_ycls[4496], 0, 0, 0, 0, 0, 9, 9, 9, 12, 12, 12, 12, 12, 3, 3, 3;
	setarray $@pvs_ycls[4512], 3, 3, 6, 6, 0, 0, 0, 0, 0, 0, 0, 0, 0, 9, 9, 12;
	setarray $@pvs_ycls[4528], 12, 12, 12, 3, 4, 3, 3, 3, 3, 3, 3, 3, 6, 0, 0, 1;
	setarray $@pvs_ycls[4544], 0, 0, 0, 1, 0, 0, 0, 0, 0, 0, 9, 9, 10, 12, 12, 12;
	setarray $@pvs_ycls[4560], 12, 3, 3, 3, 3, 3, 3, 3, 6, 0, 0, 0, 0, 0, 0, 0;
	setarray $@pvs_ycls[4576], 0, 12, 12, 12, 3, 3, 3, 3, 0, 6, 6, 0, 0, 0, 0, 0;
	setarray $@pvs_ycls[4592], 0, 9, 9, 9, 9, 9, 12, 12, 12, 3, 3, 3, 3, 3, 6, 6;
	setarray $@pvs_ycls[4608], 0, 0, 0, 0, 0, 0, 0, 0, 9, 9, 12, 12, 12, 3, 3, 3;
	setarray $@pvs_ycls[4624], 6, 6, 0, 0, 0, 0, 0, 0, 0, 9, 9, 12, 12, 12, 3, 3;
	setarray $@pvs_ycls[4640], 3, 6, 0, 0, 9, 9, 12, 0, 3, 6, 6, 0, 0, 0, 0, 9;
	setarray $@pvs_ycls[4656], 12, 12, 3, 3, 3, 3, 6, 0, 0, 0, 0, 0, 0, 9, 9, 9;
	setarray $@pvs_ycls[4672], 12, 12, 9, 3, 3, 3, 3, 3, 3, 3, 3, 3, 3, 3, 6, 6;
	setarray $@pvs_ycls[4688], 0, 0, 0, 0, 0, 0, 0, 0, 0, 0, 9, 9, 12, 12, 12, 0;
	setarray $@pvs_ycls[4704], 3, 3, 3, 6, 0, 0, 0, 0, 0, 0, 9, 9, 0, 9, 9, 3;
	setarray $@pvs_ycls[4720], 3, 3, 3, 3, 3, 3, 3, 3, 3, 3, 3, 0, 3, 3, 6, 7;
	setarray $@pvs_ycls[4736], 6, 6, 0, 0, 0, 0, 0, 0, 0, 1, 0, 0, 0, 0, 0, 0;
	setarray $@pvs_ycls[4752], 0, 0, 0, 0, 0, 0, 0, 0, 0, 0, 0, 0, 0, 0, 0, 0;
	setarray $@pvs_ycls[4768], 9, 10, 9, 9, 9, 9, 9, 9, 9, 9, 9, 9, 9, 9, 9, 9;
	setarray $@pvs_ycls[4784], 10, 12, 12, 12, 12, 12, 12, 12, 12, 12, 12, 12, 12, 12, 12, 12;
	setarray $@pvs_ycls[4800], 12, 12, 12, 12, 12, 0, 9, 9, 3, 3, 3, 3, 0, 0, 0, 0;
	setarray $@pvs_ycls[4816], 0, 0, 9, 9, 12, 12, 3, 4, 3, 3, 3, 3, 3, 3, 4, 7;
	setarray $@pvs_ycls[4832], 7, 3, 3, 7, 7, 6, 1, 1, 0, 0, 0, 0, 1, 1, 1, 1;
	setarray $@pvs_ycls[4848], 0, 0, 0, 0, 0, 0, 0, 0, 0, 0, 0, 0, 0, 0, 0, 9;
	setarray $@pvs_ycls[4864], 10, 9, 9, 9, 10, 10, 10, 9, 10, 12, 12, 12, 12, 0, 3, 3;
	setarray $@pvs_ycls[4880], 0, 0, 0, 0, 0, 9, 9, 9, 12, 12, 3, 3, 3, 3, 6, 0;
	setarray $@pvs_ycls[4896], 0, 0, 0, 0, 0, 0, 0, 9, 9, 9, 9, 12, 12, 12, 0, 3;
	setarray $@pvs_ycls[4912], 3, 3, 3, 3, 0, 0, 0, 0, 0, 0, 0, 0, 9, 9, 9, 9;
	setarray $@pvs_ycls[4928], 9, 12, 12, 12, 0, 3, 3, 3, 3, 0, 0, 0, 0, 0, 0, 0;
	setarray $@pvs_ycls[4944], 0, 9, 9, 12, 12, 12, 0, 0, 6, 6, 6, 0, 0, 1, 0, 10;
	setarray $@pvs_ycls[4960], 9, 9, 12, 12, 12, 1, 1, 0, 0, 6, 6, 6, 0, 0, 0, 12;
	setarray $@pvs_ycls[4976], 12, 1, 0, 6, 0, 0, 0, 0, 9, 9, 12, 12, 0, 0, 0, 1;
	setarray $@pvs_ycls[4992], 0, 6, 0, 9, 9, 12, 12, 9, 0, 0, 0, 1, 3, 6, 0, 0;
	setarray $@pvs_ycls[5008], 0, 9, 9, 12, 12, 12, 0, 0, 3, 6, 0, 0, 0, 12, 12, 12;
	setarray $@pvs_ycls[5024], 0, 0, 9, 9, 12, 0, 0, 0, 1, 6, 6, 0, 0, 0, 0, 9;
	setarray $@pvs_ycls[5040], 12, 0, 0, 0, 3, 3, 6, 0, 0, 0, 0, 9, 12, 12, 12, 12;
	setarray $@pvs_ycls[5056], 0, 0, 0, 0, 0, 9, 0, 9, 9, 12, 0, 0, 0, 1, 3, 3;
	setarray $@pvs_ycls[5072], 6, 0, 0, 0, 0, 0, 0, 0, 9, 9, 12, 0, 0, 0, 3, 3;
	setarray $@pvs_ycls[5088], 3, 3, 6, 0, 0, 0, 0, 0, 0, 0, 9, 12, 0, 0, 6, 0;
	setarray $@pvs_ycls[5104], 0, 9, 9, 12, 0, 0, 0, 3, 3, 6, 0, 0, 0, 9, 9, 9;
	setarray $@pvs_ycls[5120], 9, 12, 12, 12, 9, 0, 9, 3, 3, 6, 0, 0, 0, 9, 9, 9;
	setarray $@pvs_ycls[5136], 9, 9, 12, 12, 12, 12, 9, 0, 9, 3, 6, 0, 0, 0, 9, 9;
	setarray $@pvs_ycls[5152], 12, 12, 3, 0, 0, 9, 9, 9, 9, 9, 12, 12, 12, 9, 0, 6;
	setarray $@pvs_ycls[5168], 3, 0, 0, 9, 9, 9, 9, 9, 9, 9, 12, 12, 12, 12, 9, 0;
	setarray $@pvs_ycls[5184], 0, 6, 0, 0, 0, 0, 0, 9, 9, 9, 0, 0, 0, 0, 0, 0;
	setarray $@pvs_ycls[5200], 0, 0, 9, 9, 9, 9, 0, 0, 9, 9, 9, 9, 9, 9, 9, 9;
	setarray $@pvs_ycls[5216], 9, 12, 0, 3, 3, 0, 9, 9, 0, 3, 3, 0, 0, 0, 9, 9;
	setarray $@pvs_ycls[5232], 9, 10, 9, 9, 9, 9, 10, 9, 9, 12, 1, 1, 6, 6, 6, 0;
	setarray $@pvs_ycls[5248], 1, 0, 0, 0, 0, 0, 0, 9, 9, 9, 9, 10, 9, 12, 12, 12;
	setarray $@pvs_ycls[5264], 9, 0, 0, 0, 7, 6, 6, 6, 6, 6, 0, 0, 0, 0, 0, 0;
	setarray $@pvs_ycls[5280], 9, 9, 9, 9, 9, 9, 9, 9, 12, 12, 12, 12, 12, 12, 9, 0;
	setarray $@pvs_ycls[5296], 0, 0, 0, 0, 0, 7, 6, 6, 6, 6, 0, 1, 0, 0, 0, 0;
	setarray $@pvs_ycls[5312], 0, 9, 9, 9, 9, 9, 9, 9, 12, 12, 12, 12, 12, 1, 0, 0;
	setarray $@pvs_ycls[5328], 0, 0, 7, 6, 6, 6, 0, 0, 0, 0, 0, 0, 10, 9, 9, 9;
	setarray $@pvs_ycls[5344], 9, 9, 10, 10, 9, 9, 12, 12, 13, 13, 12, 12, 12, 10, 0, 0;
	setarray $@pvs_ycls[5360], 1, 0, 0, 7, 6, 6, 7, 6, 0, 0, 1, 1, 0, 0, 0, 10;
	setarray $@pvs_ycls[5376], 9, 10, 10, 9, 9, 13, 13, 12, 12, 12, 10, 10, 0, 0, 1, 0;
	setarray $@pvs_ycls[5392], 0, 6, 6, 7, 6, 0, 0, 1, 1, 0, 0, 0, 10, 9, 10, 10;
	setarray $@pvs_ycls[5408], 10, 9, 9, 13, 13, 12, 12, 12, 10, 0, 0, 1, 0, 0, 6, 7;
	setarray $@pvs_ycls[5424], 6, 1, 1, 1, 1, 0, 10, 9, 10, 9, 12, 12, 1, 0, 7, 6;
	setarray $@pvs_ycls[5440], 7, 6, 1, 1, 1, 1, 0, 10, 9, 10, 9, 12, 12, 1, 0, 1;
	setarray $@pvs_ycls[5456], 7, 7, 1, 1, 0, 1, 1, 0, 10, 10, 1, 7, 7, 1, 1, 0;
	setarray $@pvs_ycls[5472], 1, 1, 10, 10, 1, 7, 7, 1, 1, 0, 1, 1, 0, 10, 10, 1;
	setarray $@pvs_ycls[5488], 7, 1, 1, 0, 1, 1, 0, 10, 1, 7, 7, 0, 10, 10, 10, 9;
	setarray $@pvs_ycls[5504], 10, 10, 10, 10, 10, 13, 13, 12, 10, 1, 0, 1, 0, 1, 0, 1;
	setarray $@pvs_ycls[5520], 6, 10, 9, 0, 0, 10, 10, 9, 9, 10, 10, 13, 12, 1, 0, 1;
	setarray $@pvs_ycls[5536], 0, 0, 6, 9, 7, 10, 10, 10, 10, 10, 10, 10, 10, 13, 13, 10;
	setarray $@pvs_ycls[5552], 1, 1, 1, 1, 10, 3, 3, 3, 3, 3, 6, 0, 0, 0, 0, 0;
	setarray $@pvs_ycls[5568], 0, 9, 9, 9, 9, 12, 12, 12, 0, 0, 3, 3, 3, 6, 7, 7;
	setarray $@pvs_ycls[5584], 6, 6, 6, 1, 0, 1, 0, 0, 0, 0, 0, 0, 0, 0, 9, 9;
	setarray $@pvs_ycls[5600], 9, 9, 9, 9, 10, 9, 9, 12, 12, 12, 12, 12, 12, 9, 0, 0;
	setarray $@pvs_ycls[5616], 0, 9, 3, 3, 3, 3, 3, 0, 0, 0, 0, 0, 0, 0, 0, 0;
	setarray $@pvs_ycls[5632], 9, 12, 12, 12, 0, 0, 3, 3, 3, 3, 0, 0, 0, 0, 12, 12;
	setarray $@pvs_ycls[5648], 0, 0, 3, 3, 3, 6, 0, 0, 12, 0, 0, 0, 0, 9, 3, 3;
	setarray $@pvs_ycls[5664], 3, 6, 6, 0, 0, 0, 12, 12, 0, 0, 0, 0, 0, 9, 9, 3;
	setarray $@pvs_ycls[5680], 3, 3, 6, 0, 12, 0, 0, 0, 9, 3, 3, 3, 3, 6, 0, 0;
	setarray $@pvs_ycls[5696], 0, 0, 0, 0, 0, 12, 0, 0, 0, 3, 3, 3, 3, 3, 6, 3;
	setarray $@pvs_ycls[5712], 3, 0, 0, 0, 0, 0, 0, 0, 0, 0, 9, 9, 12, 12, 0, 0;
	setarray $@pvs_ycls[5728], 0, 0, 3, 3, 3, 3, 3, 3, 3, 3, 3, 3, 6, 0, 0, 0;
	setarray $@pvs_ycls[5744], 0, 0, 0, 0, 0, 0, 0, 9, 9, 9, 9, 12, 0, 0, 0, 3;
	setarray $@pvs_ycls[5760], 3, 3, 3, 3, 3, 6, 0, 0, 0, 0, 0, 0, 0, 0, 0, 0;
	setarray $@pvs_ycls[5776], 9, 9, 9, 12, 12, 0, 0, 3, 3, 3, 3, 3, 3, 3, 0, 3;
	setarray $@pvs_ycls[5792], 3, 6, 0, 0, 0, 0, 0, 0, 0, 0, 1, 0, 10, 9, 12, 1;
	setarray $@pvs_ycls[5808], 0, 0, 3, 3, 3, 0, 0, 0, 0, 0, 0, 0, 0, 0, 9, 12;
	setarray $@pvs_ycls[5824], 12, 0, 0, 3, 3, 3, 3, 3, 3, 3, 3, 3, 6, 0, 0, 0;
	setarray $@pvs_ycls[5840], 0, 0, 0, 0, 0, 0, 0, 0, 0, 0, 0, 9, 9, 12, 12, 0;
	setarray $@pvs_ycls[5856], 0, 3, 3, 3, 3, 3, 0, 0, 0, 0, 0, 0, 0, 0, 0, 0;
	setarray $@pvs_ycls[5872], 0, 0, 0, 9, 9, 9, 12, 12, 12, 0, 0, 0, 3, 3, 0, 0;
	setarray $@pvs_ycls[5888], 0, 0, 0, 0, 0, 0, 9, 9, 9, 12, 12, 0, 0, 0, 0, 0;
	setarray $@pvs_ycls[5904], 3, 3, 3, 3, 6, 6, 0, 0, 0, 0, 0, 0, 0, 0, 9, 9;
	setarray $@pvs_ycls[5920], 12, 12, 12, 0, 0, 0, 0, 3, 3, 3, 3, 3, 3, 3, 6, 6;
	setarray $@pvs_ycls[5936], 0, 0, 0, 0, 0, 0, 0, 0, 9, 9, 9, 12, 12, 12, 0, 0;
	setarray $@pvs_ycls[5952], 0, 1, 0, 3, 3, 3, 3, 6, 0, 0, 0, 0, 0, 0, 0, 0;
	setarray $@pvs_ycls[5968], 0, 0, 9, 9, 12, 12, 0, 0, 0, 0, 3, 3, 4, 3, 3, 3;
	setarray $@pvs_ycls[5984], 3, 3, 4, 3, 3, 6, 6, 7, 6, 1, 0, 0, 1, 0, 0, 0;
	setarray $@pvs_ycls[6000], 9, 10, 10, 10, 10, 9, 9, 12, 12, 12, 9, 0, 9, 0, 0, 3;
	setarray $@pvs_ycls[6016], 3, 3, 3, 3, 6, 0, 0, 0, 0, 0, 0, 9, 9, 9, 12, 0;
	setarray $@pvs_ycls[6032], 0, 0, 3, 3, 3, 0, 0, 0, 0, 0, 0, 9, 0, 3, 3, 3;
	setarray $@pvs_ycls[6048], 3, 3, 3, 3, 3, 3, 3, 6, 6, 0, 0, 0, 0, 0, 0, 0;
	setarray $@pvs_ycls[6064], 0, 3, 3, 3, 3, 3, 3, 3, 3, 3, 3, 3, 6, 6, 0, 0;
	setarray $@pvs_ycls[6080], 0, 0, 0, 0, 0, 0, 0, 0, 0, 9, 12, 12, 12, 3, 3, 3;
	setarray $@pvs_ycls[6096], 3, 6, 6, 0, 0, 0, 0, 0, 0, 0, 0, 0, 0, 0, 9, 9;
	setarray $@pvs_ycls[6112], 12, 12, 12, 9, 3, 3, 3, 4, 3, 3, 3, 3, 3, 3, 3, 3;
	setarray $@pvs_ycls[6128], 6, 6, 6, 0, 0, 0, 0, 0, 1, 0, 0, 0, 0, 0, 0, 0;
	setarray $@pvs_ycls[6144], 0, 0, 1, 0, 1, 9, 9, 9, 9, 10, 10, 10, 10, 12, 12, 12;
	setarray $@pvs_ycls[6160], 12, 9, 1, 0, 3, 3, 3, 3, 3, 4, 3, 6, 7, 6, 6, 0;
	setarray $@pvs_ycls[6176], 0, 0, 1, 0, 0, 0, 0, 0, 0, 0, 9, 9, 10, 12, 12, 12;
	setarray $@pvs_ycls[6192], 3, 3, 3, 3, 3, 3, 3, 4, 6, 0, 0, 0, 0, 0, 0, 0;
	setarray $@pvs_ycls[6208], 0, 0, 0, 9, 10, 10, 12, 13, 1, 1, 3, 3, 3, 3, 3, 6;
	setarray $@pvs_ycls[6224], 0, 0, 0, 0, 0, 0, 0, 9, 12, 12, 0, 0, 3, 3, 3, 3;
	setarray $@pvs_ycls[6240], 3, 6, 0, 0, 0, 0, 0, 0, 0, 9, 9, 9, 12, 12, 12, 12;
	setarray $@pvs_ycls[6256], 0, 3, 3, 3, 3, 3, 6, 6, 0, 0, 0, 0, 0, 0, 0, 0;
	setarray $@pvs_ycls[6272], 0, 9, 9, 12, 12, 12, 9, 0, 3, 3, 3, 3, 6, 6, 0, 0;
	setarray $@pvs_ycls[6288], 0, 0, 0, 0, 0, 0, 0, 0, 0, 0, 9, 9, 12, 12, 12, 12;
	setarray $@pvs_ycls[6304], 9, 3, 0, 0, 0, 0, 0, 0, 9, 9, 9, 12, 12, 12, 0, 3;
	setarray $@pvs_ycls[6320], 3, 3, 3, 6, 0, 0, 0, 0, 0, 0, 0, 0, 9, 9, 9, 12;
	setarray $@pvs_ycls[6336], 12, 0, 0, 0, 3, 3, 3, 0, 0, 0, 9, 9, 12, 12, 0;
	setarray $@pvs_yrate[0], 4558140, 5209302, 1162791, 716279, 30348837, 10465116, 6512, 29070, 6512, 10814, 2442, 12209302, 108140, 29070, 38372, 48837;
	setarray $@pvs_yrate[16], 68182, 30681818, 3068182, 61363636, 6818, 2045, 10227273, 1022727, 68182, 40909, 1551724, 69827586, 155172, 7759, 6466, 32327586;
	setarray $@pvs_yrate[32], 23275862, 77586, 129310, 3474903, 5212355, 1158301, 12741313, 144788, 11583, 5792, 4633, 86873, 4633, 4633, 2317, 521236;
	setarray $@pvs_yrate[48], 40540541, 2317, 51736873, 5792, 193050, 1931, 5792, 1931, 28088803, 46332, 5791506, 9555985, 1960784, 1764706, 2941176, 21568627;
	setarray $@pvs_yrate[64], 10000000, 147059, 11765, 5882, 5882, 5882, 5882, 2941, 529412, 2941, 70023529, 19608, 196078, 1961, 11765, 1961;
	setarray $@pvs_yrate[80], 58824, 9803922, 9804, 10588235, 1568627, 387931, 5689655, 79137931, 193966, 15517, 7759, 7759, 7759, 7759, 3879, 698276;
	setarray $@pvs_yrate[96], 3879, 79427586, 155172, 258621, 2586, 2586, 2586, 127660, 127660, 127660, 77586, 2586207, 1021277, 990638, 77586, 2327586;
	setarray $@pvs_yrate[112], 2327586, 12413793, 13333333, 266667, 533333, 40000000, 50000000, 13333333, 58333333, 13333, 16667, 93333333, 7636364, 12272727, 19090909, 5454545;
	setarray $@pvs_yrate[128], 2672727, 1200000, 102272727, 16363636, 4363636, 25396364, 19090909, 136364, 10909, 5455, 5455, 13636, 29100000, 8418367, 600000, 2602041;
	setarray $@pvs_yrate[144], 2142857, 195153, 168367, 336735, 25255102, 91071429, 814286, 13010, 8418, 8571, 13010, 58928571, 39908571, 63099490, 4109589, 8219;
	setarray $@pvs_yrate[160], 410959, 3974, 82192, 410959, 410959, 45854, 308219, 6358, 4768, 3179, 5563, 4110, 61644, 4110, 41096, 4110;
	setarray $@pvs_yrate[176], 20548, 79, 79, 79, 397, 119205, 482143, 26986607, 3013393, 4218750, 12054, 536, 1071, 53571, 12054, 536;
	setarray $@pvs_yrate[192], 16875000, 92886161, 1071429, 174107, 2679, 87054, 60268, 1068493, 3184932, 8589041, 2054795, 28767, 2876712, 82192, 28767, 484932;
	setarray $@pvs_yrate[208], 26712329, 143836, 20548, 8219, 822, 1644, 57534, 82192, 4110, 8219, 411, 822, 2033014, 1315068, 11506849, 10962329;
	setarray $@pvs_yrate[224], 1643836, 20548, 2055, 4110, 10274, 41096, 6894410, 288820, 7453416, 1164596, 1630435, 41925, 4658, 2795, 251553, 4658;
	setarray $@pvs_yrate[240], 7511, 15022, 751075, 4658, 3727, 932, 7511, 18436025, 11925466, 6521739, 994099, 15021500, 28686681, 1863, 163924, 18634;
	setarray $@pvs_yrate[256], 37554, 932, 23292, 40981, 40981, 734017, 660616, 213102, 696133, 1598264, 27212591, 4972, 474, 474, 152723, 7352013;
	setarray $@pvs_yrate[272], 31965272, 2368, 118316, 17758, 947, 1066, 994, 3552, 11832, 26045777, 50528808, 2526440, 4736, 59158, 59195, 2368;
	setarray $@pvs_yrate[288], 236631, 2575107, 367872, 1287554, 367872, 47823, 11960, 612508, 9967, 20232986, 18847026, 3987, 5980, 367872, 303495, 8915389;
	setarray $@pvs_yrate[304], 73574, 55181, 1839, 4801, 19313, 1839, 184, 80, 40, 3054545, 436364, 4581818, 1309091, 170182, 518182, 24000000;
	setarray $@pvs_yrate[320], 11983636, 163636, 1134545, 6796364, 87273, 65455, 6545, 982, 17455, 6545, 655, 16813187, 11209, 593407, 26703297, 56044;
	setarray $@pvs_yrate[336], 11209, 145055, 56044, 56044, 22418, 59341, 28022, 11209, 8901099, 28021978, 560440, 5727273, 6545455, 5318182, 1363636, 4431818;
	setarray $@pvs_yrate[352], 13636, 88636, 900000, 19500000, 8182, 2727, 27273, 2727, 8182, 4285714, 42857, 4286, 42857, 4286, 64285714, 1875000;
	setarray $@pvs_yrate[368], 6562500, 71523, 46875, 59603, 15000000, 1192, 18750, 46875, 225000, 2812500, 1406250, 28125000, 51562500, 262252, 234375, 187500;
	setarray $@pvs_yrate[384], 9375, 9375, 9375, 4805825, 26213592, 4368932, 3640777, 72816, 4369, 873786, 436893, 262136, 436893, 8737864, 16019417, 23300971;
	setarray $@pvs_yrate[400], 1339806, 1456311, 349515, 3553398, 34951, 4368932, 847282, 1048544, 215534, 52427, 93233010, 1135922, 61747573, 4368932, 58252, 349515;
	setarray $@pvs_yrate[416], 17476, 874, 5825, 610619, 663717, 557522, 3982, 3982, 6179204, 1194690, 2017699, 3153982, 849558, 13539823, 26549, 796;
	setarray $@pvs_yrate[432], 17257, 34513274, 3982301, 500000, 876667, 83333, 2100000, 15000, 20000, 200000, 100000, 83333, 60000, 91666667, 33333333, 15000000;
	setarray $@pvs_yrate[448], 4500000, 12333, 1700000, 3333, 3000, 16667, 10000, 366279, 2616, 20930, 10465, 104651, 5755814, 1936047, 94186047, 5232558;
	setarray $@pvs_yrate[464], 10465116, 8720930, 10465, 523, 2877907, 17442, 577982, 4128, 24771, 8257, 165138, 4541284, 2435780, 148623853, 8256881, 6605505;
	setarray $@pvs_yrate[480], 5504587, 16514, 826, 2270642, 11009, 165837, 82919, 995025, 39800995, 6633, 2985, 6633, 66335, 4046434, 4975124, 1641791;
	setarray $@pvs_yrate[496], 3317, 7463, 149254, 16584, 29850746, 13267, 6633, 3317, 3317, 3317, 820896, 6633499, 26533997, 6633499, 4975124, 6633499;
	setarray $@pvs_yrate[512], 274194, 6452, 456452, 1720968, 109516129, 90323, 90323, 45161, 45161, 323, 968, 101613, 323, 22581, 323, 6774194;
	setarray $@pvs_yrate[528], 645161, 677419, 32571429, 364286, 5485714, 57857, 159, 6429, 3857, 347143, 2794286, 102857, 93743571, 24942857, 159, 20571;
	setarray $@pvs_yrate[544], 20571, 10286, 10286, 429, 77143, 5143, 1286, 429, 159, 1542857, 1848250, 635762, 238411, 514286, 796875, 98438;
	setarray $@pvs_yrate[560], 10938, 6562, 590625, 2625000, 37500, 138376562, 9093750, 7500, 7500, 3750, 3750, 938, 25000, 1875, 2188, 938;
	setarray $@pvs_yrate[576], 25000, 37500000, 562500, 1875000, 15000000, 418724, 2526316, 91353, 248, 10150, 6090, 548120, 710526, 5781, 1286842, 67669;
	setarray $@pvs_yrate[592], 80848032, 16409774, 3189, 2392, 1595, 248, 13534, 13534, 6767, 6767, 493, 1128, 11278, 6767, 1128, 3383;
	setarray $@pvs_yrate[608], 2030, 493, 6767, 6767, 40, 248, 6767, 10150376, 1015038, 199, 1967527, 29862406, 993937, 372726, 82873, 82873;
	setarray $@pvs_yrate[624], 3290055, 5055249, 3480663, 41436, 20718, 16575, 4144, 830387, 8287, 16575, 20718, 414, 497238, 83, 2138122, 580110;
	setarray $@pvs_yrate[640], 1491713, 770718, 1988950, 13674033, 82873, 74585635, 33149, 2486, 1657, 8287, 16575, 14917127, 12857143, 892857, 1142857, 794643;
	setarray $@pvs_yrate[656], 3571429, 89286, 413214, 402679, 892857, 2678571, 7142857, 3571, 17857, 3571, 1786, 7143, 71429, 6071429, 214456, 214456;
	setarray $@pvs_yrate[672], 1179508, 357427, 142971, 107228, 158940, 107228, 10723, 4289, 71485, 1072, 214, 822081, 119142, 3931692, 114412232, 2873709;
	setarray $@pvs_yrate[688], 119142, 39316918, 11914, 715, 21446, 7149, 79470, 357427, 214456, 1636364, 727273, 363636, 545455, 181818, 1054545, 200000;
	setarray $@pvs_yrate[704], 4090909, 3636364, 7273, 3636, 327273, 4363636, 13828425, 3918054, 1152369, 633803, 4609475, 230474, 57618, 28809, 5762, 412356;
	setarray $@pvs_yrate[720], 11524, 19206, 28809, 3457, 576, 691421, 115, 1278169, 1555698, 2074264, 1071703, 345711, 6338028, 10563380, 5762, 1152;
	setarray $@pvs_yrate[736], 17286, 7682, 1921, 10254545, 3407882, 5127273, 43636, 2727, 545455, 775636, 272727, 163636, 272727, 1090909, 49091, 3547;
	setarray $@pvs_yrate[752], 177, 490909, 1200000, 960000, 144000, 153600, 330000, 6600000, 6000000, 6000, 240000, 7200000, 3232842, 2540090, 6446440, 1616421;
	setarray $@pvs_yrate[768], 64945, 11546, 2309, 461835, 1882649, 340603, 230917, 138550, 230917, 19243105, 9621552, 288647, 20532393, 14702, 7697, 2886;
	setarray $@pvs_yrate[784], 119205, 76010, 14432, 3849, 760103, 1010263, 198675, 2432432, 2162162, 3243243, 32432, 16216, 810811, 193514, 48648649, 24324324;
	setarray $@pvs_yrate[800], 145945946, 3243243, 162162, 97297, 1621622, 270270, 7297297, 8108, 162162, 810811, 541, 5405, 5405, 811, 541, 8451;
	setarray $@pvs_yrate[816], 8451, 12676, 105263, 6338028, 169014, 6338, 14789, 70, 6338, 169014, 31690141, 8036620, 10563380, 6000000, 300000, 20000;
	setarray $@pvs_yrate[832], 20000, 800000, 1000000, 6000000, 60000, 6000, 300000, 6000000, 22800000, 22800000, 30000000, 96429, 642857, 4773, 17763, 3;
	setarray $@pvs_yrate[848], 7425000, 9450000, 67500, 27000, 67500, 6750, 1350000, 4725000, 2430000, 675000, 105000, 120000, 9000000, 60000000, 11160000, 60000;
	setarray $@pvs_yrate[864], 22500, 30000, 90000, 54000, 15000, 1500, 1800, 9000, 600000, 9000000, 45000000, 1800000, 36000000, 180000, 60000, 45000;
	setarray $@pvs_yrate[880], 4194915, 4194915, 5338983, 38136, 15254, 38136, 3814, 1525424, 702, 3050847, 1601695, 762712, 702, 28070, 12711864, 25423729;
	setarray $@pvs_yrate[896], 37830508, 305085, 7018, 183051, 702, 6102, 12712, 254237, 12711864, 63559322, 2542373, 1052632, 50847458, 610169, 25424, 63559;
	setarray $@pvs_yrate[912], 22105, 22105, 884211, 268421, 5873684, 47368, 28421, 947, 9474, 33157895, 94737, 16603774, 59816911, 20754717, 114150943, 11321;
	setarray $@pvs_yrate[928], 5660, 2264151, 1132075, 679245, 1132075, 20754717, 6226415, 4528302, 754717, 14815, 1404, 3774, 140, 20755, 741, 3113208;
	setarray $@pvs_yrate[944], 4950000, 4950000, 900000, 360000, 90000, 72000, 36000, 18000, 18000, 4500, 1800000, 4172, 4500000, 540000, 900000, 9900000;
	setarray $@pvs_yrate[960], 11340000, 45000, 900000, 18000000, 27360000, 360000, 90000, 59400, 3600, 1800, 1800, 1800, 3, 18000, 4950000, 18000000;
	setarray $@pvs_yrate[976], 90000000, 3600000, 72000000, 180000, 90000, 8393782, 5129534, 1165803, 466321, 46632, 46632, 24870, 4663, 1865285, 932642, 559585;
	setarray $@pvs_yrate[992], 932642, 10259067, 3108808, 14922280, 46632, 932642, 10103627, 233161, 746114, 2332, 9326, 2332, 3109, 7772, 5129534, 7772021;
	setarray $@pvs_yrate[1008], 54404145, 1554404, 31088083, 38860, 6328546, 4443447, 20197, 8079, 53860, 4039, 4039, 1615799, 1615799, 484740, 807899, 1211849;
	setarray $@pvs_yrate[1024], 8886894, 18850987, 145422, 40395, 807899, 4100090, 3635548, 1212, 430880, 5386, 404, 18851, 2693, 4443447, 2692998, 107719928;
	setarray $@pvs_yrate[1040], 538600, 10771993, 13465, 15114504, 16030534, 15114504, 2748092, 137405, 4580153, 54962, 27481, 27481, 13740, 8244275, 109924, 9618321;
	setarray $@pvs_yrate[1056], 2473282, 2748092, 13740458, 28992366, 34351, 28855, 4580, 2748, 687, 13740, 68702290, 68702, 12298137, 1120083, 95238, 803313;
	setarray $@pvs_yrate[1072], 5263975, 559006, 47619, 9317, 4762, 1905, 3727, 22360, 9317, 932, 476, 2422360, 95, 2403727, 1770186, 1006211;
	setarray $@pvs_yrate[1088], 1211180, 17888199, 15372671, 99409938, 232919, 37267, 93168, 2795, 4658, 18634, 48074534, 3731343, 8302239, 3106343, 5970149, 55970;
	setarray $@pvs_yrate[1104], 27985, 167910, 5597, 11194, 7407, 55970, 23321, 74627, 326493, 970149, 1707090, 856343, 11194030, 3078358, 4664179, 335821;
	setarray $@pvs_yrate[1120], 28000, 231343, 10370, 7463, 4664, 3731, 7463, 5597, 148, 26119403, 1539179, 222222, 129310, 5905172, 5021552, 1724138;
	setarray $@pvs_yrate[1136], 64655, 38793, 258621, 6466, 2586, 15517, 647, 129, 1676724, 2327586, 1163793, 11497845, 532328, 3017241, 38793103, 4310;
	setarray $@pvs_yrate[1152], 2155, 64655, 4310, 21552, 43103, 4310, 4310, 4310, 2155, 4310, 2155, 7543, 8621, 12931, 473684, 28127315;
	setarray $@pvs_yrate[1168], 2605263, 236842, 251397, 1005587, 17430168, 335196, 23684, 9474, 100559, 2368, 474, 67039, 16760, 15083799, 7541899, 30167598;
	setarray $@pvs_yrate[1184], 13408, 2513966, 1095133, 16294248, 398230, 29867, 99558, 11947, 29867, 16592920, 199115, 1891593, 955752, 107853982, 36504425, 15431416;
	setarray $@pvs_yrate[1200], 1327434, 497788, 4978, 16593, 6637, 996, 14615385, 615385, 158940, 38462, 15385, 38462, 2307692, 1153846, 12820513, 230769231;
	setarray $@pvs_yrate[1216], 16923077, 25641, 3077, 79470, 715768, 93361, 2567427, 5228216, 373444, 46680, 37344, 4979253, 12448, 1867, 14938, 9336;
	setarray $@pvs_yrate[1232], 37344, 467, 373444, 93, 821577, 2427386, 1232365, 9336100, 5134855, 168049793, 17116183, 23340, 16494, 466805, 93361, 77801;
	setarray $@pvs_yrate[1248], 62241, 3112, 3112, 3112, 18672, 2567427, 238305, 12471315, 3495146, 83407, 21183, 33363, 21183, 83407, 687379, 741395;
	setarray $@pvs_yrate[1264], 5004413, 2502207, 144969109, 8737864, 95322154, 82083, 1589, 15887, 10591, 265, 6946023, 19176, 38352, 7670, 19176, 4261364;
	setarray $@pvs_yrate[1280], 1150568, 575284, 2130682, 27698864, 70312500, 38352273, 16107955, 3515625, 191761, 351562, 1918, 4261, 12784, 4261, 17608696, 52174;
	setarray $@pvs_yrate[1296], 507246, 1304348, 228986, 652174, 391304, 652174, 17391304, 1043478, 260870, 14493, 2609, 14493, 1739130, 144928, 3415061, 840630;
	setarray $@pvs_yrate[1312], 13450088, 1733800, 394046, 157618, 157618, 15762, 6305, 1576, 315, 499124, 4334501, 1313485, 801226, 91944, 577933, 70074431;
	setarray $@pvs_yrate[1328], 10508, 13135, 42032, 788, 5254, 10508, 13135, 65674, 83026, 83026, 913284, 15110701, 83026, 41513, 24908, 4151;
	setarray $@pvs_yrate[1344], 1661, 33210, 9963, 24908, 16605166, 415, 83026, 83, 1535978, 772140, 107933579, 15221402, 3985240, 1798893, 166052, 456642;
	setarray $@pvs_yrate[1360], 1661, 16605, 2768, 1212938, 2741240, 667116, 485175, 485175, 667116, 242588, 145553, 1455526, 121294, 72776280, 60647, 141509;
	setarray $@pvs_yrate[1376], 1212938, 8086, 20216, 56604, 24259, 4043, 1213, 16173, 10916442, 2201717, 1351931, 643777, 25751, 386266, 360515, 193133;
	setarray $@pvs_yrate[1392], 115880, 15708155, 7081545, 51502, 231759657, 128755, 1287554, 3862661, 25751, 25751, 1288, 1288, 18669528, 2906067, 2509785, 792564;
	setarray $@pvs_yrate[1408], 13209, 5284, 13209, 528376, 234834, 1056751, 554795, 52837573, 7265166, 29354, 20548, 1321, 5871, 1468, 1467710, 293542;
	setarray $@pvs_yrate[1424], 61644, 146771, 205479, 37154150, 1835427, 444664, 1363636, 24901, 272718, 13695652, 4891304, 1976, 395257, 39526, 45455, 889;
	setarray $@pvs_yrate[1440], 1481, 6847826, 988142, 1417323, 708661, 283465, 22222, 14815, 746457, 118110, 7795276, 248031, 9449, 35433, 296, 47244;
	setarray $@pvs_yrate[1456], 66142, 1417, 18898, 472441, 1184211, 473684, 2368421, 1578947, 165789, 13026316, 23684, 106578947, 1776316, 31579, 157895, 11842;
	setarray $@pvs_yrate[1472], 2368, 15789, 9692308, 14538462, 6230769, 3258462, 141923077, 32233846, 173077, 13846, 4615, 2308, 16154, 13846, 46154, 16041667;
	setarray $@pvs_yrate[1488], 8750000, 713, 666667, 539583, 10828, 799136, 1875000, 39406250, 1141, 856, 571, 2083, 70, 999, 52083, 2083;
	setarray $@pvs_yrate[1504], 20833, 3125000, 312500, 4351, 12500, 2083, 6250, 1041667, 2083, 6250, 2083, 14, 14, 2083, 2083, 2083;
	setarray $@pvs_yrate[1520], 25, 10417, 71, 21403, 18750000, 312500, 2083, 16041667, 11666667, 1247, 1000000, 539583, 10251, 799136, 2812500, 52541667;
	setarray $@pvs_yrate[1536], 1141, 856, 571, 2083, 70, 1746, 52083, 4167, 31250, 4166667, 416667, 4351, 18750, 2083, 12500, 1041667;
	setarray $@pvs_yrate[1552], 2083, 8333, 4167, 14, 25, 2083, 4167, 2083, 14, 10417, 71, 37422, 14583333, 416667, 4167, 30000000;
	setarray $@pvs_yrate[1568], 10909091, 713, 935065, 504545, 9782, 749217, 2629870, 49129870, 1996, 1497, 998, 1948, 70, 999, 48701, 1948;
	setarray $@pvs_yrate[1584], 29221, 3896104, 389610, 4351, 17532, 1948, 5844, 1948052, 1948, 7792, 1948, 25, 14, 3896, 1948, 3896;
	setarray $@pvs_yrate[1600], 14, 9740, 125, 21403, 15584416, 389610, 1948, 20263158, 11052632, 713, 842105, 681579, 8233, 1001439, 2368421, 49776316;
	setarray $@pvs_yrate[1616], 1141, 856, 571, 2632, 70, 999, 65789, 2632, 26316, 3947368, 394737, 4351, 15789, 2632, 7895, 1315789;
	setarray $@pvs_yrate[1632], 2632, 7895, 2632, 14, 14, 2632, 2632, 2632, 14, 13158, 71, 21403, 15789474, 394737, 2632, 16353383;
	setarray $@pvs_yrate[1648], 9023, 1993, 225564, 6767, 7535, 67669, 6766917, 18665414, 2791, 1353, 13534, 13534, 6767, 6767, 2707, 2707;
	setarray $@pvs_yrate[1664], 2256, 22556, 677, 56391, 11278, 2256, 3383, 4511, 1353, 226, 40, 11278, 11278, 226, 1015038, 563910;
	setarray $@pvs_yrate[1680], 24645113, 59801, 22556, 2256, 5696203, 395260, 17089, 7785, 1899, 7595, 1993, 1139, 5696, 102532, 9113924, 1975567;
	setarray $@pvs_yrate[1696], 80464, 1752526, 110127, 988149, 26705696, 2278, 1105, 2791, 27632, 22025, 22025, 11013, 11013, 11392, 1105, 316;
	setarray $@pvs_yrate[1712], 570, 6835, 1139, 1105, 1709, 5506, 3797, 380, 7785, 190, 40, 1139, 190, 37756329, 1651899, 40;
	setarray $@pvs_yrate[1728], 5526, 474684, 59801, 18987, 1899, 38924, 37200000, 123179, 9600000, 1560000, 97200, 10800, 6480, 6000, 1320000, 583200;
	setarray $@pvs_yrate[1744], 159, 12000, 12000, 14400, 79, 1200, 2160, 159, 11508621, 7241379, 15129310, 34914, 3879, 2328, 25862, 362069;
	setarray $@pvs_yrate[1760], 58190, 1095776, 209483, 5172414, 4139224, 1552, 9052, 5172, 9052, 776, 2586, 11638, 776, 40000, 50000000, 13333333;
	setarray $@pvs_yrate[1776], 58333333, 16667, 64666667, 133333, 41625000, 6750000, 1785000, 360000, 3750000, 90000, 3600000, 7500, 7500, 556, 22222, 777778;
	setarray $@pvs_yrate[1792], 16667, 120556, 88889, 23333333, 100000000, 29333333, 166667, 17778, 17778, 8889, 8889, 55556, 12778, 11111, 38889, 11111;
	setarray $@pvs_yrate[1808], 4444, 556, 556, 556, 33333, 2694444, 1333333, 1388889, 55556, 5556, 2778, 4739336, 17062, 9479, 7109, 9383886;
	setarray $@pvs_yrate[1824], 18957346, 613744, 3336493, 99526, 24135071, 4739, 2370, 59242, 19905, 19905, 9953, 9953, 14218, 79, 2370, 795;
	setarray $@pvs_yrate[1840], 711, 14218, 2370, 2370, 4976, 4739, 237, 2370, 237, 1492891, 11848, 4691943, 592417, 23697, 2370, 18283945;
	setarray $@pvs_yrate[1856], 10084, 7563, 73135781, 347053, 36000, 4145566, 18284, 1340, 79, 33499, 15126, 4927, 1340, 756, 12605, 9142;
	setarray $@pvs_yrate[1872], 1340, 5042, 252, 9142, 252, 148, 6700, 630252, 25210, 2521, 10800000, 180000, 516000, 42000000, 21340000, 600000;
	setarray $@pvs_yrate[1888], 1344000, 8000, 16000, 468000, 4000, 6000, 8000, 12000, 10331726, 99057, 353774, 84906, 365094, 29716981, 15099057, 841981;
	setarray $@pvs_yrate[1904], 29716981, 5660, 22642, 7947, 283019, 8491, 297170, 2830, 2830, 11321, 1415, 6588679, 119205, 2677500, 11250000, 3000000;
	setarray $@pvs_yrate[1920], 5625000, 13125000, 15000, 150000, 11250, 15000, 11250, 3750, 450000, 1607143, 5610000, 610714, 11785714, 23571, 23571, 6429;
	setarray $@pvs_yrate[1936], 29931429, 57273, 2465194, 5178979, 10358, 10358, 92590909, 190909, 2307692, 115385, 46154, 92308, 1098462, 6923077, 123115385, 3092308;
	setarray $@pvs_yrate[1952], 2307692, 4615, 2308, 4615, 23077, 16153846, 230769, 58696, 6522, 3913, 352174, 156521739, 276522, 7826, 2609, 1304;
	setarray $@pvs_yrate[1968], 13043478, 157895, 157895, 4296992, 32941176, 623377, 78947, 235294, 7895, 3158, 94118, 235294, 789, 623377, 158, 4666667;
	setarray $@pvs_yrate[1984], 14429335, 7245837, 239077, 340615, 9803922, 923, 23077, 923, 19608, 923, 19608, 4615, 11386364, 13636, 878, 998;
	setarray $@pvs_yrate[2000], 131707, 200, 1090909, 3409091, 44318182, 68182, 5268, 702439, 526829, 1997, 238636, 136364, 54545, 13636, 19967, 17386364;
	setarray $@pvs_yrate[2016], 4390, 68182, 113636, 10909091, 4090909, 5000000, 181818, 1272727, 15909091, 22272727, 9272727, 2727, 27273, 5455, 5455, 136364;
	setarray $@pvs_yrate[2032], 22727, 2727, 13636, 9545455, 4109589, 1191781, 8630137, 1643836, 24658, 211765, 176471, 37397260, 41096, 70588, 105882, 14383562;
	setarray $@pvs_yrate[2048], 65753, 82192, 41096, 41096, 1412, 706, 453659, 2903226, 967742, 200, 9983, 1997, 599, 967742, 48387, 1548387;
	setarray $@pvs_yrate[2064], 14516129, 4354839, 585, 9677, 48387, 29032, 19355, 998, 293, 585, 42706452, 2402913, 4805825, 4805825, 7864078, 43689;
	setarray $@pvs_yrate[2080], 6553398, 19223301, 15291, 1223301, 17476, 4369, 1310680, 3276699, 1703883, 655340, 48058, 3058, 8738, 16019, 38988350, 8951175;
	setarray $@pvs_yrate[2096], 5538462, 3417722, 1384615, 44065574, 35409836, 13019892, 17089, 1367089, 8137, 1627486, 415385, 1180328, 813743, 488246, 813743, 276923;
	setarray $@pvs_yrate[2112], 32550, 3418, 7869, 10850, 14400000, 5561798, 7078652, 7129213, 56629213, 45505618, 2022472, 20225, 1516854, 3033708, 1516854, 168539;
	setarray $@pvs_yrate[2128], 9707865, 168539, 2022, 16854, 10112, 1685393, 91463, 91463, 503049, 4115854, 365854, 24390244, 5533537, 640244, 663110, 2439024;
	setarray $@pvs_yrate[2144], 6097561, 182927, 4573, 1829, 9146, 22866, 457, 91, 1829268, 1371951, 685976, 10060976, 878049, 1219512, 183, 1829;
	setarray $@pvs_yrate[2160], 6098, 29268293, 27207317, 63414634, 16667, 16667, 166667, 16667, 833333, 1667, 75000, 66667, 24260870, 16667, 195652, 117391;
	setarray $@pvs_yrate[2176], 3913, 391304, 19218750, 19457812, 4687500, 7031250, 23438, 23438, 1171875, 4359375, 8558906, 23438, 35156, 21094, 703, 7031;
	setarray $@pvs_yrate[2192], 4688, 70312, 860656, 40099180, 295082, 17213115, 25819672, 29508, 16229508, 8114754, 36885, 737705, 614754, 4345082, 196721, 2459;
	setarray $@pvs_yrate[2208], 1475, 17213, 8114754, 5346680, 10253906, 1450195, 14797852, 263672, 2929688, 4416504, 29297, 8789, 21973, 29297, 2197, 703125;
	setarray $@pvs_yrate[2224], 512695, 1669922, 870117, 219727, 1464844, 536133, 59992676, 5127, 29297, 1465, 8789, 1465, 1025, 1465, 4395, 2930;
	setarray $@pvs_yrate[2240], 1230469, 11935547, 5072607, 43945, 2723147, 19075643, 13615734, 20423601, 1771, 1771, 1771, 886, 28881, 886, 1871256, 28881;
	setarray $@pvs_yrate[2256], 2888, 12027, 13616, 17712, 86643, 5380435, 7336957, 195652, 48913, 19565, 19565, 48913, 4891, 978261, 3423913, 1760870;
	setarray $@pvs_yrate[2272], 489130, 5771739, 3260870, 81521739, 97826, 130435, 65217, 32609, 978, 978, 3261, 815217, 3260870, 16304348, 652174, 13043478;
	setarray $@pvs_yrate[2288], 81522, 16304, 8281250, 12500000, 6251562, 1562500, 2343750, 15625, 15625, 4688, 937500, 1312500, 468750, 281250, 468750, 781250;
	setarray $@pvs_yrate[2304], 190625, 5812500, 29728125, 15625, 46875, 28125, 9375, 3125, 1562, 1562, 938, 4688, 1562, 12731250, 93750, 15625;
	setarray $@pvs_yrate[2320], 269461, 1078, 1617, 538922, 14371, 1616766, 719, 3593, 26946, 539, 1796, 29101796, 5389222, 1616766, 7446809, 808511;
	setarray $@pvs_yrate[2336], 148936, 1489362, 14894, 108511, 3191, 44681, 14894, 6383, 1489, 68085106, 1415094, 141509, 1171943, 283019, 117194, 510073;
	setarray $@pvs_yrate[2352], 7925, 8491, 2830, 11719, 90861280, 13333333, 666667, 1333333, 233333, 6667, 266667, 533333, 333333, 40000000, 4000000, 66667;
	setarray $@pvs_yrate[2368], 1333333, 66667, 6667, 13333, 3333, 6667, 93333333, 6667, 3333333, 888889, 1777778, 388889, 11111, 66667, 133333, 444444;
	setarray $@pvs_yrate[2384], 10000000, 6666667, 111111, 2222222, 111111, 11111, 3333, 4444, 11111, 23333333, 11111, 1000000, 2000000, 75000, 8333, 433333;
	setarray $@pvs_yrate[2400], 5000, 983333, 833333, 216667, 65000, 166667, 21667, 5000, 1667, 21667, 1667, 7275000, 4166667, 5056180, 60674, 6742;
	setarray $@pvs_yrate[2416], 4045, 3303371, 498876, 15168539, 530899, 168539, 3370787, 33708, 15169, 674157, 5056, 6742, 16854, 5056, 1348, 29426966;
	setarray $@pvs_yrate[2432], 16853933, 5128205, 512821, 1025641, 80769, 8974, 5385, 687179, 1100000, 25641026, 7692308, 12820513, 27358974, 269231, 8974359, 10256;
	setarray $@pvs_yrate[2448], 7692, 1794872, 2564, 2564, 17949, 5128, 2564, 1795, 78346154, 44871795, 4239130, 1369565, 9783, 130435, 182609, 117391;
	setarray $@pvs_yrate[2464], 260870, 7173913, 2934783, 17673913, 652174, 1957, 3586957, 6747405, 1307958, 9343, 207612, 24913, 18685, 663322, 6851211, 4671280;
	setarray $@pvs_yrate[2480], 4640138, 4359862, 1869, 3425606, 2285714, 1600000, 11429, 59259, 17143, 158307, 30074, 605714, 9428571, 3428571, 11428571, 68571429;
	setarray $@pvs_yrate[2496], 3809524, 38095, 192593, 2286, 7619, 148, 7619, 4714286, 5753425, 10972603, 12329, 177778, 158531, 1373441, 410959, 3698630;
	setarray $@pvs_yrate[2512], 12842466, 78904110, 50856164, 577778, 12329, 16438, 2466, 9247, 1233, 8219, 8219, 444, 12329, 918963, 6564, 5056726;
	setarray $@pvs_yrate[2528], 756078, 4161831, 121556, 1969206, 64850081, 19692058, 17163695, 7293, 4862, 1313, 729, 2431, 12642, 1459, 7293, 1047273;
	setarray $@pvs_yrate[2544], 954545, 114545, 8182, 7690909, 38181818, 34909091, 218182, 218182, 218182, 218182, 954545, 1363636, 1090909, 818182, 872727, 21818;
	setarray $@pvs_yrate[2560], 21818, 13636, 27273, 21818, 43636, 26316, 273684, 136842, 27368, 9000000, 54736842, 5263158, 52632, 26316, 26316, 26316;
	setarray $@pvs_yrate[2576], 2578947, 3684211, 2947368, 1578947, 2736842, 131579, 5263, 36842, 73684, 5263, 266667, 109524, 6667, 23333, 14666667, 23000000;
	setarray $@pvs_yrate[2592], 35566667, 46666667, 2166667, 3095238, 2476190, 1428571, 2333333, 30952, 6667, 61905, 148148, 15169, 111111, 26966, 20225, 5056;
	setarray $@pvs_yrate[2608], 11111, 10112, 20225, 151685, 3704, 1011, 1011, 3704, 9335102, 1011236, 26966, 10955056, 4314607, 370370, 795464, 15169;
	setarray $@pvs_yrate[2624], 3529, 22222, 194118, 52941, 88235, 211765, 35294, 10588, 8824, 17647, 9705882, 22222, 62450980, 39045752, 176471, 132353;
	setarray $@pvs_yrate[2640], 1000, 30000, 5000, 20000, 20000, 10000, 1000, 2000, 5000, 1500000, 22000000, 6000000, 50000, 30000, 5263158, 36254;
	setarray $@pvs_yrate[2656], 1052632, 5263158, 16842, 842, 11579, 67368, 42105, 57895, 1158, 13684, 1368, 6842, 11579, 13684, 34737, 41053;
	setarray $@pvs_yrate[2672], 1158, 2316, 5263, 7368, 36, 108761, 5263158, 26315789, 1052632, 52631579, 21052632, 136842, 10876, 11579, 26316, 181;
	setarray $@pvs_yrate[2688], 906344, 652174, 181269, 90634, 4532, 45317, 2719, 91, 362538, 226586, 226586, 4532, 45317, 4532, 22659, 45317;
	setarray $@pvs_yrate[2704], 45317, 135952, 181, 135952, 4532, 9063, 652, 91, 1956522, 9063444, 453172, 195652, 45317, 3261, 1188462, 5278;
	setarray $@pvs_yrate[2720], 121154, 4038, 4038, 444231, 5481, 8077, 778846, 7788, 40385, 4038, 4038, 8077, 4038, 4038, 5481, 5481;
	setarray $@pvs_yrate[2736], 1168269, 856731, 4038, 3837209, 3837209, 4883721, 34884, 13953, 34884, 3488, 1395349, 2790698, 1465116, 697674, 16279070, 34883721;
	setarray $@pvs_yrate[2752], 93023, 46512, 23256, 16279, 348837, 16279070, 81395349, 3255814, 65116279, 34884, 81395, 6239496, 7941176, 56723, 22689, 56723;
	setarray $@pvs_yrate[2768], 5672, 1134454, 3970588, 2042017, 567227, 176471, 201681, 12605042, 12605042, 151261, 37815, 75630, 37815, 2521, 12605, 2521;
	setarray $@pvs_yrate[2784], 126050, 12605042, 63025210, 2521008, 50420168, 12605, 63025, 4829268, 7915610, 29268, 6146341, 43902, 197561, 17561, 43902, 878;
	setarray $@pvs_yrate[2800], 1119512, 504878, 3073171, 1580488, 439024, 204878, 234146, 5853659, 117073, 43902, 58537, 43902, 29268, 2927, 5854, 5854;
	setarray $@pvs_yrate[2816], 2927, 5853659, 29268293, 1170732, 23414634, 29268, 432692, 3317308, 2379808, 360577, 10817308, 21635, 8654, 8654, 86538, 2163;
	setarray $@pvs_yrate[2832], 433, 386538, 510577, 4759615, 14423077, 7211538, 22947115, 28125000, 15389423, 10096, 5769, 21635, 2308, 1442, 4327, 2885;
	setarray $@pvs_yrate[2848], 4327, 4327, 9951923, 2379808, 58413462, 5192308, 90000, 1800000, 10000, 6000, 540000, 90000000, 160000, 2000000, 50000, 10000;
	setarray $@pvs_yrate[2864], 10000, 2000, 1600000, 4800000, 229008, 1071429, 107143, 642857, 10714286, 4580, 8571429, 3214286, 4580, 5545024, 4905213, 1919431;
	setarray $@pvs_yrate[2880], 8531, 4265, 853081, 254502, 597156, 426540, 255924, 426540, 4691943, 2132701, 12796209, 2132701, 38388626, 17062, 938389, 119431;
	setarray $@pvs_yrate[2896], 73934, 21327, 29858, 4265, 8531, 8531, 19620853, 2345972, 33000000, 7500000, 600000, 7200000, 6000000, 15000000, 120000, 3000;
	setarray $@pvs_yrate[2912], 9000, 49500000, 27354000, 89016000, 20400000, 28800000, 10650888, 1224852, 4437870, 816568, 9763314, 53254, 49693846, 12914201, 7988, 6746;
	setarray $@pvs_yrate[2928], 8166, 7101, 17218935, 12071006, 40395621, 56409231, 7748521, 612245, 115714286, 32653061, 642857, 40816, 12857, 8163, 81633, 12857;
	setarray $@pvs_yrate[2944], 12857, 40816, 1633, 1633, 816, 23863636, 68181818, 136364, 95455, 68182, 136364, 19091, 19091, 6818, 9545, 40909091;
	setarray $@pvs_yrate[2960], 24671053, 224532, 98684, 12474, 197368, 98684, 197368, 98684, 4990, 499, 98684, 19737, 19737, 9868, 9868, 2495;
	setarray $@pvs_yrate[2976], 5727273, 818182, 32727, 45000000, 2727273, 163636, 122727, 16364, 5455, 54545, 4444444, 88889, 177778, 400000, 13333333, 3555556;
	setarray $@pvs_yrate[2992], 6666667, 77778, 13333, 4444, 7778, 4444, 31111111, 133333, 53390, 311441, 190678, 578390, 2464831, 72458, 14237288, 635593;
	setarray $@pvs_yrate[3008], 12712, 1271, 1271, 17797, 763, 3551186, 88983, 12712, 102798, 102798, 1978869, 3597944, 256996, 565391, 25700, 7195888;
	setarray $@pvs_yrate[3024], 342661, 5140, 2056, 10280, 25700, 514, 256996, 103, 85665, 1670474, 848087, 35979440, 274129, 274129, 1027984, 137065;
	setarray $@pvs_yrate[3040], 51399, 68532, 6853, 34266, 34266, 299829, 239863, 3427, 3427, 11993, 3427, 2424490, 12244898, 2424490, 14767347, 587755;
	setarray $@pvs_yrate[3056], 1836735, 194694, 489796, 33796, 44082, 106531, 881633, 1714286, 9918367, 2799184, 220408, 4040816, 19836735, 9796, 6612, 48980;
	setarray $@pvs_yrate[3072], 7347, 735, 4898, 2204, 12245, 4163701, 1195730, 15074733, 704626, 9010676, 128114, 384342, 73665, 213523, 6406, 2562;
	setarray $@pvs_yrate[3088], 16655, 12811, 48043, 641, 128, 708897, 3779359, 1249110, 3523132, 1601423, 911744, 704626, 5765125, 79740214, 4270, 1922;
	setarray $@pvs_yrate[3104], 21352, 641, 2135, 4270, 6406, 641, 14947, 64057, 74733, 3046875, 210938, 210938, 1160156, 21492188, 140625, 2566406;
	setarray $@pvs_yrate[3120], 165234, 10547, 4219, 23906, 42188, 80859, 1055, 211, 46875, 1148438, 7804688, 1792969, 3867188, 1171875, 515625, 18984375;
	setarray $@pvs_yrate[3136], 6328, 16406, 703, 4688, 2109, 4688, 8793103, 1096552, 62069, 3413793, 24806897, 682759, 31034, 62069, 3103, 1241;
	setarray $@pvs_yrate[3152], 24828, 12414, 310, 1179310, 62, 144828, 3366207, 3072414, 353793, 310345, 3413793, 2068966, 910345, 11172414, 3724, 621;
	setarray $@pvs_yrate[3168], 4138, 8276, 1241, 14483, 62069, 664430, 604027, 362416, 2416107, 9664, 120805, 352349, 60403, 36242, 12080537, 5315436;
	setarray $@pvs_yrate[3184], 6644295, 422819, 24161, 483221, 322148, 4228188, 120805, 60403, 60403, 30201, 100671, 80537, 1208, 14094, 4027, 4027;
	setarray $@pvs_yrate[3200], 2657718, 1120205, 8849105, 460358, 767263, 26854, 3069054, 10742, 3069, 26854, 153453, 107417, 1687980, 851662, 15345269, 7212276;
	setarray $@pvs_yrate[3216], 8439898, 373402, 69053708, 237852, 153453, 409207, 1150895, 76726, 92072, 127877, 102302, 5115, 7673, 1535, 5115, 5115;
	setarray $@pvs_yrate[3232], 4604, 42276215, 9637562, 1235585, 815486, 18286656, 444811, 22241, 14827, 8896, 22241, 148270, 74135, 2636738, 1408567, 711697;
	setarray $@pvs_yrate[3248], 8451400, 3706755, 1630972, 74135, 741, 1483, 4942, 14827, 7414, 74135, 646088, 258435, 4199569, 5168701, 14214, 107681;
	setarray $@pvs_yrate[3264], 6460876, 7817660, 7106963, 1098349, 35535, 710696, 1206030, 1292175, 226131, 64609, 53841, 43073, 1292, 4307, 2154, 15075;
	setarray $@pvs_yrate[3280], 3908830, 3601108, 4238227, 2853186, 457064, 17783934, 332410, 41551, 166205, 4155, 1662, 16620, 49861, 66482, 416, 83;
	setarray $@pvs_yrate[3296], 387812, 1401662, 7479224, 1246537, 9141274, 1385042, 609418, 22437673, 7479, 1662, 16620, 5540, 2493, 2770, 249307, 1013767;
	setarray $@pvs_yrate[3312], 1239049, 16839800, 450563, 399875, 24781, 135169, 129537, 16896, 1914894, 37547, 657071, 68035044, 1926158, 61952441, 6195244, 281602;
	setarray $@pvs_yrate[3328], 60826033, 56320, 20275, 5632, 1126, 6758, 3755, 26842105, 4263158, 106579, 272368, 41052632, 2368421, 118421, 23684, 2887850;
	setarray $@pvs_yrate[3344], 4626168, 11775701, 19626168, 16822, 50467, 4206, 841121, 420561, 252336, 420561, 2691589, 336449, 84112, 420561, 841, 1682;
	setarray $@pvs_yrate[3360], 1682, 98131, 21654344, 7084104, 4075786, 29113, 19408503, 49908, 11645, 29113, 2911, 582255, 2037893, 1048059, 291128, 1788355;
	setarray $@pvs_yrate[3376], 166359, 415896, 388170, 3327, 832, 19409, 3836317, 2877238, 12429668, 460358, 80563, 805627, 32225, 7407, 3452685, 805627;
	setarray $@pvs_yrate[3392], 80563, 1481, 540921, 4833760, 2416880, 12659847, 402813, 14815, 241688, 148148, 2302, 2302, 8056, 3836, 2109974, 14307692;
	setarray $@pvs_yrate[3408], 2538462, 129231, 2308, 461538, 230769, 138462, 230769, 3230769, 1384615, 4615, 92308, 1292175, 1787509, 64609, 355348, 516870;
	setarray $@pvs_yrate[3424], 32304, 3230, 1292, 43073, 323, 65, 1427854, 11834171, 135678392, 107681, 456569, 3036612, 19382627, 21536, 646, 1292;
	setarray $@pvs_yrate[3440], 6461, 2154, 21536, 15943548, 3991935, 50806, 3629, 725806, 362903, 217742, 362903, 1270161, 1814516, 2540, 120968, 5146125;
	setarray $@pvs_yrate[3456], 6861499, 952986, 571792, 228717, 6861499, 3430750, 11436, 14867, 4288, 857687, 1145489, 428844, 257306, 428844, 8176620, 77668361;
	setarray $@pvs_yrate[3472], 135609911, 6575604, 5089898, 37166, 743329, 1906, 142948, 1144, 5718, 5718, 953, 4088310, 1898734, 113924, 2206329, 22965190;
	setarray $@pvs_yrate[3488], 189873, 778481, 2487342, 51265823, 56962, 13291, 570, 5696, 5696, 4651899, 23734, 3331483, 2815103, 274847, 49972, 333148;
	setarray $@pvs_yrate[3504], 1499, 349806, 1754858, 4580788, 174903, 104942, 149917, 50297057, 324820, 58301, 1998890, 1599112, 149916713, 166574, 500, 4997;
	setarray $@pvs_yrate[3520], 16657, 4164, 12493, 4803202, 635762, 2641761, 1921281, 42428, 480320, 119205, 5143, 98065, 240160, 144096, 240160, 195130;
	setarray $@pvs_yrate[3536], 632971, 120080, 336224, 6664443, 440294, 80, 20013, 238411, 300, 4803, 14009, 40, 6484962, 1578947, 20301, 45113;
	setarray $@pvs_yrate[3552], 770301, 43421053, 5915414, 1657895, 36090, 36090, 800752, 112782, 2774436, 1692, 2256, 22556, 1128, 2256, 1692, 845865;
	setarray $@pvs_yrate[3568], 338, 338, 338, 6767, 1353383, 451128, 56391, 10615385, 1455692, 50676923, 1181538, 692123, 1358769, 63692, 84923, 84923;
	setarray $@pvs_yrate[3584], 42462, 62769, 63692, 12738, 12738, 4246, 8492308, 19358215, 15651323, 47630769, 15876923, 1990244, 2809756, 131707, 175610, 87805;
	setarray $@pvs_yrate[3600], 73171, 131707, 26341, 26341, 90000000, 30000000, 18750000, 1607143, 3321429, 147321429, 17678571, 535714, 401786, 3214, 23553719, 6322314;
	setarray $@pvs_yrate[3616], 743802, 297521, 1859504, 99174, 6198, 24793, 185950, 1909091, 14876033, 66942149, 74380165, 8181818, 1239669, 89256, 260331, 6198;
	setarray $@pvs_yrate[3632], 22314, 7438, 74380, 1488, 4959, 7438, 7438, 7438, 1240, 34710744, 1363636, 16227273, 3272727, 545455, 4772727, 1090909;
	setarray $@pvs_yrate[3648], 61364, 6818, 109091, 4091, 27273, 1963636, 640909, 4090909, 49090909, 177818182, 19091, 190909, 1364, 2727, 19091, 5455;
	setarray $@pvs_yrate[3664], 1364, 9545455, 6159292, 1061947, 1659292, 2123894, 179204, 19912, 11947, 66372, 265487, 1991150, 783186, 1685841, 63249292, 13274336;
	setarray $@pvs_yrate[3680], 66372, 6637, 185841, 5310, 6637, 13274, 3982, 796, 2125000, 7500000, 625000, 4500000, 250000, 3190000, 112500000, 36250000;
	setarray $@pvs_yrate[3696], 150000, 30000, 2500, 25000, 2500, 12500, 15000, 5571429, 2571429, 385714, 42857, 85714, 25714, 1285714, 3171429, 38571429;
	setarray $@pvs_yrate[3712], 42540000, 25714286, 6857143, 30000000, 1285714, 4286, 8571, 8571, 8571, 4266958, 324945, 8468271, 787746, 3249453, 6498906, 459519;
	setarray $@pvs_yrate[3728], 16247265, 21663020, 1641138, 722101, 64989, 3939, 6565, 6498906, 12997812, 391304, 7826087, 2934783, 3913043, 19565217, 9783, 326087;
	setarray $@pvs_yrate[3744], 7826087, 19565217, 11413043, 16304, 130435, 29348, 2934783, 13043478, 15652174, 1956522, 5046729, 5046729, 6098131, 210280, 8831776, 42056;
	setarray $@pvs_yrate[3760], 25233645, 29439, 21028, 8411, 981308, 378505, 16822, 382710, 65187, 841121, 421, 2943925, 1514019, 420561, 34345794, 49065;
	setarray $@pvs_yrate[3776], 168224, 16822430, 2523364, 6093750, 2578125, 2578125, 5625000, 23438, 18750, 9375, 2344, 468750, 537500, 656250, 1640625, 843750;
	setarray $@pvs_yrate[3792], 234375, 375000, 2343750, 112500000, 1031250, 93750, 125000, 62500, 62500, 31250, 938, 12500, 9375, 8400000, 9600000, 2040000;
	setarray $@pvs_yrate[3808], 1320000, 39150000, 10800000, 12000, 51000, 12000, 4800, 900, 4500000, 48000, 51000, 36000, 18000, 1250000, 25000, 750000;
	setarray $@pvs_yrate[3824], 75000, 25000, 625000, 62500, 4287, 2500, 2500, 2500, 24000000, 13718519, 20792130, 4500000, 5000000, 10912500, 60625000, 13337500;
	setarray $@pvs_yrate[3840], 43672500, 46075000, 66643, 1999283, 67948, 350215, 742181, 10506, 36585, 175108, 3659, 37109, 7422, 6664, 3136, 3136;
	setarray $@pvs_yrate[3856], 7422, 5937446, 11707317, 17743902, 11995696, 6272597, 37435598, 13689943, 16732152, 22265423, 21878694, 3502152, 365854, 3502, 23529, 705882;
	setarray $@pvs_yrate[3872], 92308, 115837, 92308, 741, 2353, 2353, 2353, 29538462, 2370370, 3592593, 4235294, 4705882, 10270588, 12552941, 106361267, 923077;
	setarray $@pvs_yrate[3888], 8571429, 12857, 17142857, 7742, 77419, 77419, 1285714, 6428571, 6428571, 1714286, 5322581, 5322581, 6774194, 967742, 48387, 64516;
	setarray $@pvs_yrate[3904], 19355, 48387, 64516, 4839, 1935484, 100000, 14667, 1612903, 3225806, 3870968, 2032258, 483871, 3225806, 3333, 45000, 40000;
	setarray $@pvs_yrate[3920], 16129, 64516, 32258, 22580645, 5755814, 1046512, 5687, 1046512, 10000, 5232558, 10465116, 523256, 313953, 5000, 52326, 9836;
	setarray $@pvs_yrate[3936], 28436, 393, 104651, 39344, 28436, 74127907, 2754098, 1666667, 1666667, 18333333, 1666667, 833333, 83333, 33333, 29630, 8333;
	setarray $@pvs_yrate[3952], 1666667, 1667, 13333, 740741, 1481481, 833333, 500000, 6667, 7407, 296296, 148148, 11852, 14815, 1185185, 148148, 12222222;
	setarray $@pvs_yrate[3968], 82962963, 3734940, 1987952, 120482, 361446, 18072, 14458, 7229, 19277, 24096, 48193, 192771, 1084337, 542169, 23493976, 7951807;
	setarray $@pvs_yrate[3984], 13253012, 8433735, 57831325, 72289, 722892, 72289, 24096, 54217, 2410, 1205, 19277, 2410, 8433735, 3975904, 5159317, 1013514;
	setarray $@pvs_yrate[4000], 2382824, 506757, 15203, 6081, 6081, 202703, 81081, 871622, 810811, 912162, 456081, 12162162, 3344595, 55743243, 35472973, 25337838;
	setarray $@pvs_yrate[4016], 121622, 1216216, 50676, 55743243, 3675789, 101351, 1579, 4054, 4054, 10135, 28378378, 1672297, 24405507, 844806, 901126, 6758;
	setarray $@pvs_yrate[4032], 1689612, 37547, 525657, 844806, 506884, 30976220, 844806, 3717146, 10513141, 16802253, 112641, 84481, 13141, 1690, 7509, 1858573;
	setarray $@pvs_yrate[4048], 35823026, 11989, 856327, 28544, 1512845, 244053, 428164, 256898, 4281637, 428164, 6593720, 117031399, 171265, 299715, 25690, 1427;
	setarray $@pvs_yrate[4064], 4282, 14272, 8563, 9990485, 2354900, 3296860, 14595559, 16058684, 2355274, 431800, 142744, 1548771, 21412, 38877, 19868, 7947;
	setarray $@pvs_yrate[4080], 7947, 297383, 428232, 11420, 8565, 642, 706582, 555132, 85646312, 3532910, 835052, 321174, 6280730, 41038858, 7244251, 10706;
	setarray $@pvs_yrate[4096], 39254560, 42823, 47581, 166534, 2141, 14274, 9516, 214, 714, 2213, 3569, 9516, 4758, 79, 285488, 3140365;
	setarray $@pvs_yrate[4112], 28548865, 2709773, 2443238, 488648, 932873, 88845, 1057256, 26654, 139019, 93905, 37562, 37562, 31096, 53307, 1777, 8885;
	setarray $@pvs_yrate[4128], 7522211, 4442, 2665, 444, 1865745, 37562, 7996051, 10394867, 1279368, 755183, 2265548, 44423, 4886476, 4442, 8885, 20731;
	setarray $@pvs_yrate[4144], 25, 1036, 888, 888, 1510, 888, 20731, 376, 35538, 9429191, 1116329, 2276012, 715318, 65029, 19509, 2276012;
	setarray $@pvs_yrate[4160], 1625723, 650289, 650289, 6503, 2601, 217, 50, 7803, 130058, 7469, 975434, 650, 650289, 130, 912572, 2122110;
	setarray $@pvs_yrate[4176], 1495665, 780347, 325145, 14631503, 42268786, 9754, 299, 39834, 29876, 43353, 7587, 8671, 113801, 32514, 217, 9754;
	setarray $@pvs_yrate[4192], 3251, 8671, 6503, 6503, 552746, 249, 16000000, 1000000, 8000000, 400000, 50000, 12000000, 40000, 20000, 60000, 50000;
	setarray $@pvs_yrate[4208], 200000, 3000000, 1500000, 213000000, 11800000, 200000, 2000, 2000, 20000, 2000, 16600000, 7917415, 40395, 3070018, 323160, 12253142;
	setarray $@pvs_yrate[4224], 16158, 16642729, 6463, 6463, 16158, 8079, 969479, 484740, 10825853, 72710952, 6463196, 8886894, 8079, 16158, 323160, 188510;
	setarray $@pvs_yrate[4240], 808, 1616, 8079, 1781418, 7438017, 2082645, 14876, 44628, 5950, 8926, 14876, 80578512, 892562, 446281, 68181818, 4909091;
	setarray $@pvs_yrate[4256], 15768595, 22314, 446281, 2479339, 223140, 2231, 12397, 2231, 2454545, 157895, 157895, 158940, 1021482, 11224490, 1632653, 78947;
	setarray $@pvs_yrate[4272], 51020, 714286, 317881, 795, 39735, 7895, 3158, 163265, 3974, 163265, 20408, 7947, 51020, 789, 158, 5563;
	setarray $@pvs_yrate[4288], 81633, 79470, 3061224, 1530612, 55306122, 3987, 119601, 816327, 7947, 3987, 15894, 79, 4768, 3974, 8163, 8163;
	setarray $@pvs_yrate[4304], 2041, 40, 1066869, 27834347, 1094225, 109422, 683891, 43769, 109422, 6565350, 3282675, 21337386, 30091185, 3647416, 889058, 1823708;
	setarray $@pvs_yrate[4320], 36474, 355623, 5471, 17781, 160030395, 20120061, 7367178, 775679, 106257, 690673, 8500590, 425030, 53129, 53129, 1275089, 5313;
	setarray $@pvs_yrate[4336], 2125, 21251, 17001, 53129, 531, 106, 21251, 3187721, 54191263, 28476978, 2833530, 11688312, 42503, 850059, 573790, 4250295;
	setarray $@pvs_yrate[4352], 212515, 286895, 2125, 2125, 9563, 4685950, 956316, 11385199, 5635674, 341556, 3842505, 34156, 597723, 13662, 597723, 34156;
	setarray $@pvs_yrate[4368], 367173, 888046, 2049336, 1024668, 9392789, 76850095, 298861, 42694, 179317, 1708, 1708, 5977, 11385, 8539, 6261860, 7379209;
	setarray $@pvs_yrate[4384], 79470, 79470, 898287, 9224012, 39735, 65886, 5534407, 3974, 1589, 79063, 26354, 65886, 397, 79, 92240, 3953148;
	setarray $@pvs_yrate[4400], 1976574, 48316252, 83016105, 12122987, 1756955, 395315, 3953, 8785, 6589, 9224, 46120, 56497, 56497, 310734, 4519774, 225989;
	setarray $@pvs_yrate[4416], 5960452, 28249, 2825, 1130, 11299, 28249, 282, 56, 566855, 1694915, 847458, 6214689, 82862524, 118644068, 65913, 1130;
	setarray $@pvs_yrate[4432], 15066, 13183, 3241356, 1059176, 6941489, 179521, 44880, 264705, 189075, 75630, 75630, 17952, 3889628, 44880, 179521, 75630;
	setarray $@pvs_yrate[4448], 2094415, 2782580, 1400266, 1436170, 13963, 59840, 69814, 13963, 23936, 1197, 13963, 756, 10771277, 1586742, 4442877, 3173484;
	setarray $@pvs_yrate[4464], 1586742, 1269394, 1269394, 7616, 1904090, 1269394, 4188999, 8462623, 19041, 380818, 4231312, 84626, 12694, 2094499, 46681946, 3107020;
	setarray $@pvs_yrate[4480], 51784, 51784, 284810, 8457998, 2097238, 12946, 172612, 2589, 1036, 41427, 5178, 12946, 37111623, 259, 52, 776755;
	setarray $@pvs_yrate[4496], 388377, 22439586, 28481013, 7042578, 1035673, 207135, 3452, 17261, 2071, 3452, 5178, 12083, 1726, 11684421, 329561, 4054594;
	setarray $@pvs_yrate[4512], 59920, 8988, 35952, 3595, 8988, 107856192, 59920, 569241, 287617, 25965379, 10985353, 3115846, 1897470, 179760, 479361, 1798;
	setarray $@pvs_yrate[4528], 3995, 1997, 5992, 1608579, 1185185, 241287, 241287, 1327078, 11353887, 120643, 12064, 4826, 48257, 30831099, 16890, 4444;
	setarray $@pvs_yrate[4544], 1206, 1689008, 241, 177778, 50670241, 87131367, 29490617, 7399464, 281501, 1072386, 241287, 56300, 148148, 2413, 13405, 5362;
	setarray $@pvs_yrate[4560], 5630, 3675345, 758040, 9992343, 275651, 68913, 18376723, 5743, 27565, 68913, 137825, 441041, 4203675, 2108729, 3790199, 50535988;
	setarray $@pvs_yrate[4576], 12175, 689, 9188, 18377, 2395437, 1368821, 159696, 17110, 912548, 41065, 6844, 17110, 1026616, 513308, 12547529, 3558935;
	setarray $@pvs_yrate[4592], 456274, 205323, 1277567, 18251, 91255, 148148, 2053, 2281, 9125, 6508577, 499495, 3814329, 90817, 27245, 127144, 10898;
	setarray $@pvs_yrate[4608], 27245, 59031282, 90817, 1680121, 844601, 59031282, 14530777, 3027245, 635721, 242180, 6357, 9082, 3027, 10000000, 7974684, 56962;
	setarray $@pvs_yrate[4624], 91139, 22785, 56962, 98734177, 3417722, 1708861, 35443038, 8810127, 2025316, 455696, 202532, 4557, 5063, 2532, 1485149, 594059;
	setarray $@pvs_yrate[4640], 264026, 5941, 3267327, 16336634, 2112211, 148148, 2970, 1633663, 8571429, 150000, 21429, 92857143, 39285714, 12107143, 1428571, 750000;
	setarray $@pvs_yrate[4656], 7500, 7143, 3735225, 1170213, 12056738, 6146572, 661939, 1064, 212766, 106383, 63830, 106383, 21276596, 1654846, 354610, 709220;
	setarray $@pvs_yrate[4672], 1418, 2364, 23641, 802752, 68807, 68807, 378440, 688073, 5091743, 4587156, 34404, 32110, 3440, 1376, 366972, 20642;
	setarray $@pvs_yrate[4688], 32110, 344, 69, 1123853, 11353211, 7568807, 51606, 1032110, 573394, 144495413, 917431, 183486, 2294, 1376, 16055, 5676606;
	setarray $@pvs_yrate[4704], 34285714, 2142857, 584416, 11688, 83766, 724675, 6428571, 29221, 584416, 584416, 58442, 29221, 3214286, 29221, 741, 5804082;
	setarray $@pvs_yrate[4720], 1334694, 2093878, 2020408, 2635102, 881633, 795918, 661224, 12245, 11020, 3918, 3183673, 24490, 19592, 2939, 7347, 3974;
	setarray $@pvs_yrate[4736], 14694, 4408, 3918, 9183673, 735, 735, 734694, 147, 7347, 795, 300980, 392571, 1028571, 551020, 11889796, 6734694;
	setarray $@pvs_yrate[4752], 8081633, 14693878, 2448980, 2816327, 3636735, 5544490, 6734694, 11020408, 3920816, 18367, 25959, 367347, 178776, 1163265, 612245, 17632653;
	setarray $@pvs_yrate[4768], 1469, 7947, 36735, 67347, 1959, 97959, 24490, 18367, 12245, 490, 6122, 12245, 6122, 2449, 30612, 24490;
	setarray $@pvs_yrate[4784], 79470, 367, 1224, 1224, 367, 1224, 1224, 245, 1224, 1224, 1224, 1224, 1224, 980, 1224, 735;
	setarray $@pvs_yrate[4800], 1959, 735, 735, 980, 735, 4040816, 12245, 11020, 303158, 7758621, 3103448, 4734120, 11368, 444828, 34105, 85344828;
	setarray $@pvs_yrate[4816], 95716606, 789, 52987, 789, 15517, 10345, 5628803, 1422222, 7231237, 8583164, 3346856, 1369168, 856998, 152130, 243408, 422;
	setarray $@pvs_yrate[4832], 21102, 268763, 60852, 3043, 8889, 13387, 4220, 5333, 304, 1521, 669371, 304, 1266, 60852, 1778, 213333;
	setarray $@pvs_yrate[4848], 1740365, 425963, 334686, 200811, 182556, 7363083, 30425963, 15212982, 15060852, 34492901, 32464503, 15213, 319473, 304260, 669371, 12170;
	setarray $@pvs_yrate[4864], 17778, 12170, 10142, 12170, 12170, 2110, 177778, 133333, 177778, 2738, 6085, 6085, 6085, 3681542, 7094595, 405405;
	setarray $@pvs_yrate[4880], 8108, 22297297, 48648649, 5837838, 5472973, 81081, 60811, 972973, 12162, 4054, 7070175, 52632, 175439, 631579, 31579, 21053;
	setarray $@pvs_yrate[4896], 10526, 9649123, 5263158, 9473684, 350877, 1736842, 3859649, 35088, 26316, 26316, 982456, 12281, 1053, 10526, 5263, 7324675;
	setarray $@pvs_yrate[4912], 911688, 42078, 385714, 311688, 4675, 17142857, 2337662, 841558, 57740260, 280519, 35065, 3935065, 62338, 151948, 46753, 14026;
	setarray $@pvs_yrate[4928], 249351, 3117, 2338, 701, 6311688, 7608696, 1369565, 76087, 271739, 86957, 173913, 13043478, 3260870, 84565217, 391304, 103261;
	setarray $@pvs_yrate[4944], 2554348, 65217, 347826, 4348, 4348, 1087, 30434783, 5060870, 13171, 26341, 39512, 17560976, 13170732, 55041, 89121951, 446281;
	setarray $@pvs_yrate[4960], 329268, 197561, 6585, 13171, 4390, 743802, 10975610, 52682927, 658537, 13846, 27692, 41538, 18461538, 13846154, 50769231, 13846;
	setarray $@pvs_yrate[4976], 4615, 34615385, 55384615, 4655, 1551724, 4655172, 51724, 3103448, 15517, 10345, 1552, 5172, 517241, 5172414, 15517241, 54310345;
	setarray $@pvs_yrate[4992], 4655172, 112903, 64516, 19355, 38710, 3226, 19355, 387097, 645161, 6451613, 58064516, 2903226, 265823, 6835, 2278481, 6835443;
	setarray $@pvs_yrate[5008], 11620253, 56962, 34177, 1139, 26582, 2278, 6835443, 113924, 205479, 3699, 1232877, 3698630, 2465753, 8219, 20548, 1233;
	setarray $@pvs_yrate[5024], 3698630, 37500, 11250, 37500, 18750, 375000, 3750000, 56250000, 22500000, 61017, 4576, 1525424, 6101695, 254237, 3050847, 76271;
	setarray $@pvs_yrate[5040], 1525, 2542373, 25423729, 4576271, 228099, 61224, 33061, 11020408, 33061224, 12244898, 22040816, 1983, 99, 12245, 6122, 11020;
	setarray $@pvs_yrate[5056], 12244898, 61224490, 2448980, 48979592, 33061224, 61224, 150000, 45000, 10000, 5000, 1500000, 15000000, 15000000, 30000000, 3173077, 9519231;
	setarray $@pvs_yrate[5072], 230769, 8654, 2307692, 1153846, 692308, 1153846, 5769231, 153846, 46154, 1538, 769, 1538462, 15384615, 2307692, 3193548, 9580645;
	setarray $@pvs_yrate[5088], 290323, 116129, 232258, 8710, 2322581, 1161290, 696774, 1161290, 9000000, 154839, 46452, 581, 1548387, 15483871, 93506, 2337662;
	setarray $@pvs_yrate[5104], 233766, 70130, 3896, 1948, 2337662, 23376623, 5844156, 175714, 3857143, 6857, 214286, 7714286, 12857, 7714, 12857, 7714;
	setarray $@pvs_yrate[5120], 77143, 17571, 7714, 1286, 175714, 63214286, 87857, 64286, 6428571, 8571, 214286, 7071429, 30000, 8571, 18214, 6429;
	setarray $@pvs_yrate[5136], 18214, 182143, 6429, 18214, 643, 429, 64286, 61607143, 32143, 4090909, 5455, 136364, 20454545, 231818, 218182, 163636;
	setarray $@pvs_yrate[5152], 16364, 10909, 180000, 3000000, 60000, 60000, 6000, 360000, 12000, 30000, 6000, 3000, 3000, 360000, 60000000, 660000;
	setarray $@pvs_yrate[5168], 38927, 3750000, 75000, 75000, 13268, 77854, 28410, 37500, 1875, 18750, 13268, 1875, 3750, 3750, 77854, 42900936;
	setarray $@pvs_yrate[5184], 4687500, 741238, 12857, 12857, 2228571, 1757143, 6428571, 8571, 85714, 8571, 18857143, 20571429, 45728571, 6428571, 32142857, 44142857;
	setarray $@pvs_yrate[5200], 19285714, 25714286, 32143, 42857, 42857, 32143, 70000000, 28000000, 280000, 10000, 140000, 60000, 140000, 20000, 100000, 140000;
	setarray $@pvs_yrate[5216], 10000, 10000, 30000000, 3103448, 2068966, 31034483, 196552, 20690, 98275862, 3888889, 2592593, 37037037, 38888889, 14814815, 148148, 9259;
	setarray $@pvs_yrate[5232], 74074, 9917, 74074, 18519, 92593, 74074, 49587, 9259, 25926, 9259, 892562, 529091, 391304, 43478, 86957, 26087;
	setarray $@pvs_yrate[5248], 592593, 17391, 65217, 2347826, 347826, 173913, 42173913, 34783, 34783, 17391, 17391, 29630, 6522, 8696, 8696, 2174;
	setarray $@pvs_yrate[5264], 2174, 2608696, 5434783, 217391, 29630, 21739, 646552, 1724, 39655, 68966, 15517, 6897, 51724, 1396552, 34483, 15258621;
	setarray $@pvs_yrate[5280], 1724, 6897, 6897, 3448, 3448, 5172, 17241, 1379310, 1724, 5172, 1724, 1724, 13793, 1724, 1724, 1034483;
	setarray $@pvs_yrate[5296], 5172414, 4310345, 6896552, 2586207, 172414, 29630, 17241, 137195, 1829, 10976, 5488, 592593, 365854, 7317, 493902, 109756;
	setarray $@pvs_yrate[5312], 85152439, 1829, 21951, 21951, 10976, 10976, 146341, 182927, 5488, 1829, 1829, 1829, 14634, 592593, 6036585, 5487805;
	setarray $@pvs_yrate[5328], 7317073, 2743902, 29630, 312500, 4167, 25000, 12500, 8333, 1125000, 187500, 83333, 36875000, 2083, 4167, 16667, 16667;
	setarray $@pvs_yrate[5344], 8333, 8333, 4167, 4167, 41667, 416667, 4167, 4167, 2083, 2083, 4167, 4167, 4167, 12500, 2500000, 12500000;
	setarray $@pvs_yrate[5360], 16485417, 16666667, 6250000, 59259, 148760, 2479, 2479, 4959, 123967, 9917, 123967, 24793, 55785, 49587, 19834711, 2479;
	setarray $@pvs_yrate[5376], 2479, 4959, 4959, 49587, 495868, 9917, 2479, 2479, 4959, 4959, 22314, 247934, 1487603, 7438017, 52442975, 9917355;
	setarray $@pvs_yrate[5392], 3719008, 162162, 2703, 2703, 5405, 135135, 10811, 135135, 27027, 60811, 54054, 21621622, 5405, 2703, 10811, 10811;
	setarray $@pvs_yrate[5408], 270270, 54054, 540541, 5405, 5405, 2703, 5405, 5405, 32432, 1621622, 8108108, 42772973, 10810811, 4054054, 155172, 2963;
	setarray $@pvs_yrate[5424], 5172, 3620690, 3620690, 148148, 29630, 20689655, 181034, 51724, 296296, 517241, 5172, 5172, 3620690, 1551724, 1112069, 157895;
	setarray $@pvs_yrate[5440], 2963, 5263, 2631579, 2631579, 148148, 29630, 21052632, 131579, 52632, 296296, 526316, 5263, 5263, 2631579, 1578947, 2962963;
	setarray $@pvs_yrate[5456], 1052632, 1481, 11428571, 3409091, 6818, 296296, 59259, 153409, 571429, 148148, 3409091, 1253247, 1481, 3409091, 3409091, 6818;
	setarray $@pvs_yrate[5472], 296296, 59259, 170455, 148148, 3409091, 1253247, 1481, 3409091, 11428571, 6818, 296296, 59259, 136364, 170455, 148148, 11428571;
	setarray $@pvs_yrate[5488], 1253247, 4000000, 4000000, 8108, 296296, 59259, 4054, 200000, 4000000, 1342857, 3967, 106250, 78125, 4959, 46875, 64232;
	setarray $@pvs_yrate[5504], 140625, 24793, 15625, 140625, 99, 99, 496, 3125, 298, 9375000, 9375000, 43675103, 16057889, 432893, 19269467, 35156250;
	setarray $@pvs_yrate[5520], 128463, 14876, 19269, 340909, 3525000, 2490, 1494, 34091, 93750, 998, 498, 20, 3409, 298755, 20454545, 59900;
	setarray $@pvs_yrate[5536], 8522727, 10227273, 68182, 10227, 39344, 109180, 49180, 65508, 96000, 720000, 21836, 96000, 984, 984, 14400, 2951;
	setarray $@pvs_yrate[5552], 13101639, 72000000, 4293443, 24000000, 147541, 3790087, 62974, 577259, 4346939, 31050, 116618, 539067, 1259475, 2623907, 37609329, 9314869;
	setarray $@pvs_yrate[5568], 52478, 20991, 4373, 188047, 43732, 6210, 1050, 4373, 9446064, 62682, 3597786, 1046125, 2102502, 99631, 1379, 68966;
	setarray $@pvs_yrate[5584], 277, 11070, 110701, 13793, 6642, 4138, 157127, 238007, 597786, 2490775, 16605166, 75567723, 60055, 2490775, 10475, 4151;
	setarray $@pvs_yrate[5600], 3875, 83026, 1384, 38745, 6897, 277, 277, 1494, 3875, 277, 2214, 277, 10475, 830, 1342251, 50804461;
	setarray $@pvs_yrate[5616], 27675, 1384, 8647059, 7058824, 7164706, 1764706, 39705882, 1323529, 52941, 17647, 608824, 19411765, 7058824, 7058824, 29117647, 3529412;
	setarray $@pvs_yrate[5632], 70588, 3529, 3529, 5294, 38938235, 158824, 25565217, 21913043, 8869565, 834783, 521739, 39130, 450000, 21521739, 10435, 3913;
	setarray $@pvs_yrate[5648], 8869565, 5572174, 11025000, 13440000, 2340000, 10500, 1200000, 300000, 4500, 3750000, 12600000, 12652500, 8820000, 52500, 2940000, 15744000;
	setarray $@pvs_yrate[5664], 2106000, 12300, 2100, 450000, 990000, 455700, 2100, 1200, 10185000, 12375000, 14760000, 11304000, 10332000, 10500, 61500, 24500000;
	setarray $@pvs_yrate[5680], 4266667, 2666667, 3333, 1666667, 10000, 4000000, 14616667, 2800000, 16667, 5625000, 7159091, 30681818, 51136, 20455, 51136, 5114;
	setarray $@pvs_yrate[5696], 1022727, 1431818, 3579545, 1840909, 511364, 6818, 21136364, 27272727, 23863636, 3998384, 4870759, 872375, 4798061, 436187, 1192246, 43619;
	setarray $@pvs_yrate[5712], 17447, 3635, 4362, 1453958, 872, 1311470, 726979, 436187, 726979, 11922456, 290792, 3635, 2423, 9693, 9693053, 10904685;
	setarray $@pvs_yrate[5728], 19392165, 33925687, 6691450, 12769517, 5520446, 5520446, 11710037, 25092937, 501859, 83643, 50186, 132993, 33457, 83643, 8364, 5019;
	setarray $@pvs_yrate[5744], 1672862, 1004, 288569, 5855019, 3011152, 836431, 11152416, 22305, 869888, 10874, 25093, 1115, 32620818, 22304833, 58010688, 7654272;
	setarray $@pvs_yrate[5760], 1958070, 53401899, 10680, 1424051, 29668, 4272, 2136, 1780, 712025, 178006, 783228, 213608, 7476266, 16613924, 62896, 1922468;
	setarray $@pvs_yrate[5776], 641, 59335, 47468, 2373, 214, 1780063, 47468354, 278638, 278638, 5363777, 9752322, 696594, 139319, 69659, 1393189, 13932;
	setarray $@pvs_yrate[5792], 237771, 27864, 69659, 1393, 7314241, 279, 599071, 4527864, 2298762, 7430341, 14866, 3715170, 120536, 74303, 4644, 200893;
	setarray $@pvs_yrate[5808], 40987616, 26470588, 2877907, 2877907, 17442, 2616, 1046512, 523256, 313953, 523256, 17441860, 503953, 36977, 575947, 107990, 7199;
	setarray $@pvs_yrate[5824], 3488, 3488372, 12209302, 18292683, 8195122, 5024390, 4024390, 4097561, 585366, 73171, 7317, 2927, 29268, 7317, 732, 3512195;
	setarray $@pvs_yrate[5840], 146, 653659, 1756098, 1053659, 1463415, 24390244, 12195122, 731707, 26024390, 814634, 2560976, 9756, 29268, 10244, 4878, 975610;
	setarray $@pvs_yrate[5856], 9756098, 4459459, 4459459, 1351351, 4864865, 32432, 32432, 4054, 1621622, 181081, 1135135, 810811, 486486, 810811, 6756757, 3378378;
	setarray $@pvs_yrate[5872], 7209459, 54054, 145945946, 2703, 16216, 10811, 16216, 1351, 5405, 540541, 5405405, 16216216, 6513158, 6513158, 5921, 2368421;
	setarray $@pvs_yrate[5888], 592105, 2230263, 1184211, 710526, 1184211, 39474, 9868, 17763, 11842, 1974, 3947, 8585526, 11842105, 9763816, 394737, 3947368;
	setarray $@pvs_yrate[5904], 4630496, 1389149, 252572, 20205800, 1684, 2526, 4210, 1094481, 892423, 1389149, 328344, 420954, 56127, 2525725, 16838, 11225;
	setarray $@pvs_yrate[5920], 16838, 842, 5613, 561272, 5612722, 16838167, 2525725, 81967, 2336066, 450820, 40984, 20492, 4098, 1639, 2459, 8197;
	setarray $@pvs_yrate[5936], 410, 82, 4508197, 967213, 2049180, 614754, 2459016, 1639344, 75137, 8197, 8197, 15027, 820, 4098, 20901639, 74340164;
	setarray $@pvs_yrate[5952], 12295082, 4098361, 2459016, 379747, 16424051, 1329114, 28481, 11392, 1993671, 34177, 1708861, 854430, 66455696, 33227848, 949367, 70908228;
	setarray $@pvs_yrate[5968], 1898734, 56962, 26582, 17089, 13291, 1899, 75949, 949367, 569620, 5696203, 19373219, 278571, 158940, 128205, 854701, 341880;
	setarray $@pvs_yrate[5984], 4729345, 1837607, 341880, 28490028, 1139601, 28490, 25665, 4274, 17094, 3179, 68376, 726496, 85470, 7123, 12735043, 11396;
	setarray $@pvs_yrate[6000], 85470, 7947, 17094, 79, 4768, 341880, 284900, 855, 1709, 11396, 1709, 535714, 1071, 569801, 1139601, 8095238;
	setarray $@pvs_yrate[6016], 5571429, 1785714, 11904762, 9523810, 238095, 2000000, 59524, 19672, 725000, 4762, 7500000, 16667, 142857, 119048, 4762, 295082;
	setarray $@pvs_yrate[6032], 238095, 476190, 15238095, 750000, 3500000, 400000, 571429, 19672, 1714286, 15000000, 95238095, 10000, 295082, 26902174, 10507288, 10507288;
	setarray $@pvs_yrate[6048], 39790914, 59347826, 3198012, 2018350, 482737, 201835, 80734, 169565, 23529, 423913, 5882, 20184, 9265787, 4037, 33597088, 17261833;
	setarray $@pvs_yrate[6064], 3033887, 30303933, 13891538, 321812, 2949940, 16090584, 643623, 160906, 107271, 536353, 16091, 6436, 42908, 42908, 107271, 12336;
	setarray $@pvs_yrate[6080], 1609, 4290822, 322, 8581645, 4505364, 2038141, 35756853, 12657926, 1073, 214541, 2145, 2145, 1073, 9492188, 4804688, 6328125;
	setarray $@pvs_yrate[6096], 35156, 14062, 41016, 35156, 3516, 1406250, 302344, 2812500, 1476562, 703125, 18750000, 13160156, 750000, 552188, 4688, 140625;
	setarray $@pvs_yrate[6112], 9375, 2344, 1172, 140625, 11511628, 11651163, 604651, 158940, 4046512, 18139535, 1953488, 69767, 104651, 976744, 6977, 2791;
	setarray $@pvs_yrate[6128], 83721, 111628, 41860, 104651, 10465, 698, 4744186, 140, 3179, 111628, 62326, 8651163, 4562791, 2093023, 2325581, 1162791;
	setarray $@pvs_yrate[6144], 47023256, 2481395, 7947, 12976744, 238411, 930, 418605, 104651, 62791, 7947, 7947, 79, 4768, 4186, 6977, 465;
	setarray $@pvs_yrate[6160], 2093, 2791, 79, 209302, 7142857, 7142857, 9090909, 3463203, 64935, 317881, 5194805, 155844, 3974, 103896, 25974, 64935;
	setarray $@pvs_yrate[6176], 6494, 2597403, 79470, 5194805, 2727273, 1298701, 23809524, 77922078, 10909091, 865801, 779221, 1298701, 15894, 7792, 4329, 8658;
	setarray $@pvs_yrate[6192], 15410959, 4843444, 184932, 1937378, 6164384, 352250, 44031, 14516, 17613, 44031, 12329, 4403, 5503914, 3698630, 1954990, 880626;
	setarray $@pvs_yrate[6208], 20547945, 616438, 704501, 132094, 484, 484, 8806, 97, 145161, 145161, 7877698, 25143885, 8633094, 52014388, 32374, 12950;
	setarray $@pvs_yrate[6224], 32374, 3237, 1294964, 4532374, 2589928, 1359712, 647482, 75540, 8633, 15108, 18129496, 74738849, 8600000, 53400000, 4000000, 30400000;
	setarray $@pvs_yrate[6240], 60000, 24000, 60000, 6000, 2400000, 4800000, 2520000, 1200000, 14880000, 320000, 120000, 72000, 4000, 4000, 2400, 16000;
	setarray $@pvs_yrate[6256], 240000, 9878049, 4024390, 5121951, 36585, 9756098, 14634, 42683, 36585, 3659, 1463415, 2926829, 1536585, 731707, 9756098, 19512;
	setarray $@pvs_yrate[6272], 13609756, 109756, 65854, 19512, 1220, 2195, 146341, 219512, 8437500, 3437500, 4375000, 31250, 12500, 36458, 31250, 3125;
	setarray $@pvs_yrate[6288], 1250000, 268750, 104167, 2500000, 1312500, 625000, 16666667, 11739583, 666667, 1250000, 4167, 125000, 4167, 8333, 2083, 1042;
	setarray $@pvs_yrate[6304], 125000, 7500000, 403125, 156250, 25000000, 16734375, 1875000, 11625000, 6250, 93750, 56250, 6250, 3125, 1875, 187500, 6913408;
	setarray $@pvs_yrate[6320], 6913408, 8798883, 62849, 25140, 62849, 6285, 2513966, 5405028, 5027933, 2639665, 1256983, 24938547, 90084, 201117, 120670, 18017;
	setarray $@pvs_yrate[6336], 4022, 21620112, 89128911, 402235, 19285714, 1205357, 482143, 32142857, 13258929, 4982143, 40179, 24107, 2411, 804, 80357;
	$@pvs_mcount = 296;
	// MvPs: monster, level, how many spawn, respawn (s), a map, and their drops
	// the supply limits (item, rate class, chance in 10000).
	deletearray $@pvs_mvp; deletearray $@pvs_mvplv; deletearray $@pvs_mvpn; deletearray $@pvs_mvpre;
	deletearray $@pvs_mvpmap$; deletearray $@pvs_mvpstart; deletearray $@pvs_mvplen;
	deletearray $@pvs_vitem; deletearray $@pvs_vcls; deletearray $@pvs_vrate;
	$@pvs_mvp[0] = 1038; $@pvs_mvplv[0] = 78; $@pvs_mvpn[0] = 1; $@pvs_mvpre[0] = 3900; $@pvs_mvpmap$[0] = "moc_pryd04"; $@pvs_mvpstart[0] = 0; $@pvs_mvplen[0] = 8; // Osiris
	$@pvs_mvp[1] = 1039; $@pvs_mvplv[1] = 81; $@pvs_mvpn[1] = 1; $@pvs_mvpre[1] = 7500; $@pvs_mvpmap$[1] = "prt_maze03"; $@pvs_mvpstart[1] = 8; $@pvs_mvplen[1] = 5; // Baphomet
	$@pvs_mvp[2] = 1046; $@pvs_mvplv[2] = 72; $@pvs_mvpn[2] = 2; $@pvs_mvpre[2] = 7500; $@pvs_mvpmap$[2] = "gef_dun02"; $@pvs_mvpstart[2] = 13; $@pvs_mvplen[2] = 5; // Doppelganger
	$@pvs_mvp[3] = 1059; $@pvs_mvplv[3] = 74; $@pvs_mvpn[3] = 1; $@pvs_mvpre[3] = 7500; $@pvs_mvpmap$[3] = "mjolnir_04"; $@pvs_mvpstart[3] = 18; $@pvs_mvplen[3] = 7; // Mistress
	$@pvs_mvp[4] = 1086; $@pvs_mvplv[4] = 64; $@pvs_mvpn[4] = 1; $@pvs_mvpre[4] = 3900; $@pvs_mvpmap$[4] = "prt_sewb4"; $@pvs_mvpstart[4] = 25; $@pvs_mvplen[4] = 8; // Golden Thief Bug
	$@pvs_mvp[5] = 1087; $@pvs_mvplv[5] = 77; $@pvs_mvpn[5] = 2; $@pvs_mvpre[5] = 3900; $@pvs_mvpmap$[5] = "gef_fild02"; $@pvs_mvpstart[5] = 33; $@pvs_mvplen[5] = 5; // Orc Hero
	$@pvs_mvp[6] = 1112; $@pvs_mvplv[6] = 70; $@pvs_mvpn[6] = 1; $@pvs_mvpre[6] = 7500; $@pvs_mvpmap$[6] = "treasure02"; $@pvs_mvpstart[6] = 38; $@pvs_mvplen[6] = 6; // Drake
	$@pvs_mvp[7] = 1115; $@pvs_mvplv[7] = 65; $@pvs_mvpn[7] = 2; $@pvs_mvpre[7] = 7500; $@pvs_mvpmap$[7] = "gld_dun01"; $@pvs_mvpstart[7] = 44; $@pvs_mvplen[7] = 4; // Eddga
	$@pvs_mvp[8] = 1147; $@pvs_mvplv[8] = 81; $@pvs_mvpn[8] = 2; $@pvs_mvpre[8] = 7500; $@pvs_mvpmap$[8] = "anthell02"; $@pvs_mvpstart[8] = 48; $@pvs_mvplen[8] = 7; // Maya
	$@pvs_mvp[9] = 1150; $@pvs_mvplv[9] = 67; $@pvs_mvpn[9] = 1; $@pvs_mvpre[9] = 3900; $@pvs_mvpmap$[9] = "pay_dun04"; $@pvs_mvpstart[9] = 55; $@pvs_mvplen[9] = 7; // Moonlight Flower
	$@pvs_mvp[10] = 1157; $@pvs_mvplv[10] = 93; $@pvs_mvpn[10] = 1; $@pvs_mvpre[10] = 3900; $@pvs_mvpmap$[10] = "in_sphinx5"; $@pvs_mvpstart[10] = 62; $@pvs_mvplen[10] = 7; // Pharaoh
	$@pvs_mvp[11] = 1159; $@pvs_mvplv[11] = 69; $@pvs_mvpn[11] = 1; $@pvs_mvpre[11] = 7500; $@pvs_mvpmap$[11] = "moc_fild17"; $@pvs_mvpstart[11] = 69; $@pvs_mvplen[11] = 3; // Phreeoni
	$@pvs_mvp[12] = 1190; $@pvs_mvplv[12] = 74; $@pvs_mvpn[12] = 1; $@pvs_mvpre[12] = 7500; $@pvs_mvpmap$[12] = "gef_fild10"; $@pvs_mvpstart[12] = 72; $@pvs_mvplen[12] = 4; // Orc Lord
	$@pvs_mvp[13] = 1251; $@pvs_mvplv[13] = 77; $@pvs_mvpn[13] = 1; $@pvs_mvpre[13] = 3900; $@pvs_mvpmap$[13] = "xmas_dun02"; $@pvs_mvpstart[13] = 76; $@pvs_mvplen[13] = 5; // Stormy Knight
	$@pvs_mvp[14] = 1252; $@pvs_mvplv[14] = 73; $@pvs_mvpn[14] = 1; $@pvs_mvpre[14] = 7500; $@pvs_mvpmap$[14] = "xmas_fild01"; $@pvs_mvpstart[14] = 81; $@pvs_mvplen[14] = 4; // Hatii
	$@pvs_mvp[15] = 1272; $@pvs_mvplv[15] = 80; $@pvs_mvpn[15] = 2; $@pvs_mvpre[15] = 3900; $@pvs_mvpmap$[15] = "gl_chyard"; $@pvs_mvpstart[15] = 85; $@pvs_mvplen[15] = 6; // Dark Lord
	$@pvs_mvp[16] = 1312; $@pvs_mvplv[16] = 97; $@pvs_mvpn[16] = 1; $@pvs_mvpre[16] = 3900; $@pvs_mvpmap$[16] = "tur_dun04"; $@pvs_mvpstart[16] = 91; $@pvs_mvplen[16] = 4; // Turtle General
	$@pvs_mvp[17] = 1389; $@pvs_mvplv[17] = 85; $@pvs_mvpn[17] = 1; $@pvs_mvpre[17] = 3900; $@pvs_mvpmap$[17] = "gef_dun01"; $@pvs_mvpstart[17] = 95; $@pvs_mvplen[17] = 6; // Dracula
	$@pvs_mvp[18] = 1418; $@pvs_mvplv[18] = 73; $@pvs_mvpn[18] = 1; $@pvs_mvpre[18] = 5950; $@pvs_mvpmap$[18] = "gon_dun03"; $@pvs_mvpstart[18] = 101; $@pvs_mvplen[18] = 9; // Evil Snake Lord
	$@pvs_mvp[19] = 1492; $@pvs_mvplv[19] = 71; $@pvs_mvpn[19] = 1; $@pvs_mvpre[19] = 5760; $@pvs_mvpmap$[19] = "ama_dun03"; $@pvs_mvpstart[19] = 110; $@pvs_mvplen[19] = 7; // Samurai Specter
	$@pvs_mvp[20] = 1511; $@pvs_mvplv[20] = 88; $@pvs_mvpn[20] = 1; $@pvs_mvpre[20] = 3900; $@pvs_mvpmap$[20] = "moc_pryd06"; $@pvs_mvpstart[20] = 117; $@pvs_mvplen[20] = 9; // Amon Ra
	$@pvs_mvp[21] = 1583; $@pvs_mvplv[21] = 70; $@pvs_mvpn[21] = 1; $@pvs_mvpre[21] = 18300; $@pvs_mvpmap$[21] = "beach_dun"; $@pvs_mvpstart[21] = 126; $@pvs_mvplen[21] = 4; // Tao Gunka
	$@pvs_mvp[22] = 1623; $@pvs_mvplv[22] = 86; $@pvs_mvpn[22] = 1; $@pvs_mvpre[22] = 7800; $@pvs_mvpmap$[22] = "ein_dun02"; $@pvs_mvpstart[22] = 130; $@pvs_mvplen[22] = 6; // RSX-0806
	$@pvs_mvp[23] = 1630; $@pvs_mvplv[23] = 85; $@pvs_mvpn[23] = 1; $@pvs_mvpre[23] = 7300; $@pvs_mvpmap$[23] = "lou_dun03"; $@pvs_mvpstart[23] = 136; $@pvs_mvplen[23] = 6; // White Lady
	$@pvs_mvp[24] = 1658; $@pvs_mvplv[24] = 79; $@pvs_mvpn[24] = 1; $@pvs_mvpre[24] = 7500; $@pvs_mvpmap$[24] = "lhz_dun02"; $@pvs_mvpstart[24] = 142; $@pvs_mvplen[24] = 7; // Egnigem Cenia
	$@pvs_mvp[25] = 1685; $@pvs_mvplv[25] = 97; $@pvs_mvpn[25] = 1; $@pvs_mvpre[25] = 7500; $@pvs_mvpmap$[25] = "jupe_core"; $@pvs_mvpstart[25] = 149; $@pvs_mvplen[25] = 6; // Vesper
	$@pvs_mvp[26] = 1688; $@pvs_mvplv[26] = 89; $@pvs_mvpn[26] = 1; $@pvs_mvpre[26] = 25500; $@pvs_mvpmap$[26] = "ayo_dun02"; $@pvs_mvpstart[26] = 155; $@pvs_mvplen[26] = 5; // Lady Tanee
	$@pvs_mvp[27] = 1719; $@pvs_mvplv[27] = 90; $@pvs_mvpn[27] = 1; $@pvs_mvpre[27] = 11100; $@pvs_mvpmap$[27] = "abyss_03"; $@pvs_mvpstart[27] = 160; $@pvs_mvplen[27] = 5; // Detardeurus
	$@pvs_mvp[28] = 1734; $@pvs_mvplv[28] = 90; $@pvs_mvpn[28] = 1; $@pvs_mvpre[28] = 9000; $@pvs_mvpmap$[28] = "kh_dun02"; $@pvs_mvpstart[28] = 165; $@pvs_mvplen[28] = 7; // Kiel D-01
	$@pvs_mvp[29] = 1751; $@pvs_mvplv[29] = 99; $@pvs_mvpn[29] = 1; $@pvs_mvpre[29] = 29100; $@pvs_mvpmap$[29] = "odin_tem03"; $@pvs_mvpstart[29] = 172; $@pvs_mvplen[29] = 7; // Valkyrie Randgris
	$@pvs_mvp[30] = 1768; $@pvs_mvplv[30] = 89; $@pvs_mvpn[30] = 1; $@pvs_mvpre[30] = 18300; $@pvs_mvpmap$[30] = "ra_san05"; $@pvs_mvpstart[30] = 179; $@pvs_mvplen[30] = 7; // Gloom Under Night
	$@pvs_mvp[31] = 1785; $@pvs_mvplv[31] = 82; $@pvs_mvpn[31] = 5; $@pvs_mvpre[31] = 11100; $@pvs_mvpmap$[31] = "ra_fild02"; $@pvs_mvpstart[31] = 186; $@pvs_mvplen[31] = 6; // Atroce
	$@pvs_mvp[32] = 1832; $@pvs_mvplv[32] = 99; $@pvs_mvpn[32] = 1; $@pvs_mvpre[32] = 39900; $@pvs_mvpmap$[32] = "thor_v03"; $@pvs_mvpstart[32] = 192; $@pvs_mvplen[32] = 8; // Ifrit
	$@pvs_mvp[33] = 1871; $@pvs_mvplv[33] = 80; $@pvs_mvpn[33] = 1; $@pvs_mvpre[33] = 7500; $@pvs_mvpmap$[33] = "abbey02"; $@pvs_mvpstart[33] = 200; $@pvs_mvplen[33] = 7; // Fallen Bishop Hibram
	$@pvs_mvp[34] = 1885; $@pvs_mvplv[34] = 85; $@pvs_mvpn[34] = 1; $@pvs_mvpre[34] = 7500; $@pvs_mvpmap$[34] = "mosk_dun03"; $@pvs_mvpstart[34] = 207; $@pvs_mvplen[34] = 6; // Gopinich
	$@pvs_mvp[35] = 1917; $@pvs_mvplv[35] = 99; $@pvs_mvpn[35] = 1; $@pvs_mvpre[35] = 45000; $@pvs_mvpmap$[35] = "moc_fild22"; $@pvs_mvpstart[35] = 213; $@pvs_mvplen[35] = 8; // Wounded Morocc
	$@pvs_mvp[36] = 2068; $@pvs_mvplv[36] = 93; $@pvs_mvpn[36] = 1; $@pvs_mvpre[36] = 7500; $@pvs_mvpmap$[36] = "bra_dun02"; $@pvs_mvpstart[36] = 221; $@pvs_mvplen[36] = 9; // Boitata
	setarray $@pvs_vitem[0], 617, 1232, 1255, 5053, 1285, 603, 608, 751, 1466, 714, 985, 984, 607, 1162, 1411, 985;
	setarray $@pvs_vitem[16], 984, 724, 1413, 518, 616, 985, 16001, 526, 722, 969, 1524, 10016, 714, 985, 984, 2610;
	setarray $@pvs_vitem[32], 701, 10018, 985, 1387, 725, 607, 1127, 1125, 1135, 985, 1189, 719, 518, 1258, 985, 13046;
	setarray $@pvs_vitem[48], 10006, 2615, 639, 985, 2005, 603, 617, 1477, 1234, 1525, 10008, 638, 985, 1648, 7114, 1136;
	setarray $@pvs_vitem[64], 2327, 5002, 607, 526, 732, 2288, 985, 13047, 617, 985, 16000, 617, 1468, 603, 617, 985;
	setarray $@pvs_vitem[80], 720, 1815, 985, 984, 603, 2004, 2334, 985, 7005, 5093, 617, 7070, 1141, 607, 617, 607;
	setarray $@pvs_vitem[96], 1473, 1722, 1557, 607, 732, 7169, 10020, 1471, 1474, 7226, 661, 607, 617, 985, 985, 5096;
	setarray $@pvs_vitem[112], 607, 13303, 607, 608, 985, 5053, 2615, 7211, 985, 616, 607, 607, 608, 732, 7067, 1002;
	setarray $@pvs_vitem[128], 984, 617, 7093, 1230, 617, 1242, 607, 732, 603, 12395, 2700, 607, 2513, 617, 1162, 603;
	setarray $@pvs_vitem[144], 1167, 2320, 617, 603, 732, 7095, 7094, 617, 617, 603, 732, 985, 617, 1716, 617, 732;
	setarray $@pvs_vitem[160], 7444, 5002, 617, 603, 732, 617, 2651, 1242, 2650, 617, 603, 616, 7510, 2524, 2421, 7024;
	setarray $@pvs_vitem[176], 617, 603, 616, 7023, 616, 2513, 1377, 607, 617, 617, 608, 617, 607, 607, 617, 617;
	setarray $@pvs_vitem[192], 2677, 2678, 2679, 1471, 2345, 617, 603, 616, 1420, 2677, 985, 1614, 607, 608, 732, 617;
	setarray $@pvs_vitem[208], 1737, 7444, 607, 617, 617, 2374, 2375, 2433, 7799, 7798, 607, 617, 617, 7444, 1377, 607;
	setarray $@pvs_vitem[224], 985, 984, 1471, 617, 617, 616;
	setarray $@pvs_vcls[0], 8, 11, 11, 11, 11, 16, 16, 16, 11, 2, 2, 2, 16, 11, 11, 2;
	setarray $@pvs_vcls[16], 2, 16, 11, 5, 8, 2, 11, 16, 16, 2, 11, 11, 2, 2, 2, 16;
	setarray $@pvs_vcls[32], 16, 11, 2, 11, 16, 16, 11, 11, 11, 2, 11, 16, 5, 11, 2, 11;
	setarray $@pvs_vcls[48], 11, 11, 8, 2, 11, 16, 16, 11, 11, 11, 11, 8, 2, 11, 2, 11;
	setarray $@pvs_vcls[64], 11, 11, 16, 16, 16, 11, 2, 11, 8, 2, 11, 16, 11, 8, 8, 2;
	setarray $@pvs_vcls[80], 16, 11, 2, 2, 16, 11, 11, 2, 16, 16, 16, 2, 11, 16, 16, 5;
	setarray $@pvs_vcls[96], 11, 11, 11, 16, 16, 2, 11, 11, 11, 2, 8, 16, 16, 16, 2, 11;
	setarray $@pvs_vcls[112], 5, 11, 16, 16, 16, 11, 11, 2, 2, 8, 5, 16, 16, 16, 2, 2;
	setarray $@pvs_vcls[128], 16, 16, 2, 11, 8, 11, 16, 16, 8, 8, 11, 16, 16, 16, 11, 8;
	setarray $@pvs_vcls[144], 11, 11, 16, 16, 16, 2, 2, 8, 16, 16, 16, 2, 8, 11, 16, 16;
	setarray $@pvs_vcls[160], 2, 11, 16, 16, 16, 8, 11, 11, 11, 16, 16, 16, 2, 11, 11, 2;
	setarray $@pvs_vcls[176], 16, 16, 16, 2, 8, 11, 11, 16, 16, 16, 5, 8, 5, 16, 16, 16;
	setarray $@pvs_vcls[192], 11, 11, 11, 11, 11, 16, 16, 16, 11, 11, 2, 11, 16, 16, 16, 8;
	setarray $@pvs_vcls[208], 11, 2, 16, 16, 16, 11, 11, 11, 2, 2, 16, 16, 16, 2, 11, 5;
	setarray $@pvs_vcls[224], 2, 2, 11, 16, 16, 16;
	setarray $@pvs_vrate[0], 2000, 150, 600, 150, 100, 4000, 3000, 500, 400, 500, 5432, 4171, 2000, 220, 550, 3686;
	setarray $@pvs_vrate[16], 2700, 1500, 150, 10000, 1000, 4268, 100, 4000, 3000, 1000, 150, 500, 300, 2000, 1500, 2000;
	setarray $@pvs_vrate[32], 1000, 500, 4559, 100, 2000, 1500, 600, 950, 150, 3200, 100, 500, 10000, 500, 2300, 100;
	setarray $@pvs_vrate[48], 500, 200, 500, 3500, 100, 3000, 2000, 500, 100, 150, 500, 650, 2600, 100, 2500, 100;
	setarray $@pvs_vrate[64], 150, 500, 5500, 5000, 5000, 300, 2900, 100, 1000, 4268, 3100, 2000, 150, 3000, 4000, 4559;
	setarray $@pvs_vrate[80], 4500, 500, 3977, 2900, 3000, 100, 300, 5141, 6000, 500, 2000, 5335, 80, 1500, 2000, 4700;
	setarray $@pvs_vrate[96], 5, 5, 4, 5500, 5000, 5820, 5100, 80, 500, 900, 2000, 5500, 5000, 5500, 3500, 500;
	setarray $@pvs_vrate[112], 4500, 7500, 5500, 3500, 5500, 150, 50, 7760, 3880, 400, 3000, 5500, 3500, 5500, 4850, 1000;
	setarray $@pvs_vrate[128], 6000, 3000, 6000, 10, 1000, 50, 5500, 5500, 5000, 50, 100, 5500, 2000, 5000, 1000, 5000;
	setarray $@pvs_vrate[144], 1000, 1000, 5500, 5000, 2000, 5000, 3000, 1000, 5500, 5000, 2000, 5000, 2000, 6000, 5500, 2000;
	setarray $@pvs_vrate[160], 5000, 500, 5500, 5000, 2000, 3000, 1000, 500, 1000, 5500, 5000, 2000, 5000, 3000, 3000, 2500;
	setarray $@pvs_vrate[176], 5500, 5000, 2000, 4000, 5000, 1000, 100, 5500, 5000, 5000, 1000, 5000, 5000, 5500, 5000, 5000;
	setarray $@pvs_vrate[192], 3000, 200, 200, 2000, 100, 5500, 5000, 2000, 1000, 500, 5432, 2000, 5500, 3500, 2000, 4000;
	setarray $@pvs_vrate[208], 100, 5000, 5500, 5000, 5000, 5000, 5000, 5000, 9000, 9000, 5500, 5000, 5000, 5000, 100, 500;
	setarray $@pvs_vrate[224], 1000, 1000, 100, 5500, 5000, 2000;
	$@pvs_mvpcount = 37;
	// Filled: the supply script can start (before the first stalls open).
	$@pvs_ready = 1;
	if (getnpcid(0, "ProntVendorsSupply"))
		donpcevent "ProntVendorsSupply::OnDataReady";
	end;
}
